path,filename,n_voxels,true_min,true_max,frac_le_4096,frac_le_2048,frac_le_1500,frac_le_1024,frac_le_1000,frac_ge_1000,frac_ge_1500,frac_ge_2000,frac_ge_3000,pct_0.1_all,pct_1_all,pct_5_all,pct_25_all,pct_50_all,pct_75_all,pct_95_all,pct_99_all,pct_99.9_all,pct_0.1_body,pct_1_body,pct_5_body,pct_25_body,pct_50_body,pct_75_body,pct_95_body,pct_99_body,pct_99.9_body
../../ncct_cect/vindr_ds/baseline_volumes/1.2.840.113619.2.278.3.717616.260.1578649367.247/1.2.840.113619.2.278.3.717616.260.1578649367.247_1.2.840.113619.2.278.3.717616.260.1578649367.252.3_baseline.nii.gz,1.2.840.113619.2.278.3.717616.260.1578649367.247_1.2.840.113619.2.278.3.717616.260.1578649367.252.3_baseline.nii.gz,2652014,-1200.0,-700.0,0.0,0.0,0.0,0.522613,0.600884,0.0,0.0,0.0,0.0,-1200.0,-1200.0,-1200.0,-1200.0,-1035.8,-974.3,-912.8,-700.0,-700.0,-999.9,-999.1,-995.6,-981.5,-967.6,-952.7,-704.2,-700.0,-700.0
../../ncct_cect/vindr_ds/baseline_volumes/1.2.840.113619.2.278.3.717616.260.1578649367.247/1.2.840.113619.2.278.3.717616.260.1578649367.247_1.2.840.113619.2.278.3.717616.260.1578649367.337.4198401_baseline.nii.gz,1.2.840.113619.2.278.3.717616.260.1578649367.247_1.2.840.113619.2.278.3.717616.260.1578649367.337.4198401_baseline.nii.gz,2652014,-1200.0,-700.0,0.0,0.0,0.0,0.509304,0.567489,0.0,0.0,0.0,0.0,-1200.0,-1200.0,-1200.0,-1200.0,-1029.5,-962.6,-842.6,-700.0,-700.0,-999.9,-998.6,-993.3,-973.3,-958.2,-934.1,-705.3,-700.0,-700.0
../../ncct_cect/vindr_ds/baseline_volumes/1.2.840.113619.2.278.3.717616.260.1578649367.247/1.2.840.113619.2.278.3.717616.260.1578649367.247_1.2.840.113619.2.278.3.717616.260.1578649367.337.4202498_baseline.nii.gz,1.2.840.113619.2.278.3.717616.260.1578649367.247_1.2.840.113619.2.278.3.717616.260.1578649367.337.4202498_baseline.nii.gz,2652014,-1200.0,-700.0,0.0,0.0,0.0,0.50572,0.55935,0.0,0.0,0.0,0.0,-1200.0,-1200.0,-1200.0,-1200.0,-1027.5,-949.4,-862.6,-700.0,-700.0,-999.8,-998.4,-991.9,-967.0,-939.3,-906.9,-717.1,-700.0,-700.0
../../ncct_cect/vindr_ds/baseline_volumes/1.2.840.113619.2.278.3.717616.260.1578649371.734/1.2.840.113619.2.278.3.717616.260.1578649371.734_1.2.840.113619.2.278.3.717616.260.1578649371.739.3_baseline.nii.gz,1.2.840.113619.2.278.3.717616.260.1578649371.734_1.2.840.113619.2.278.3.717616.260.1578649371.739.3_baseline.nii.gz,4392640,-1200.0,-700.0,0.0,0.0,0.0,0.581487,0.642577,0.0,0.0,0.0,0.0,-1200.0,-1200.0,-1200.0,-1200.0,-1077.9,-981.1,-948.9,-700.0,-700.0,-999.9,-999.1,-995.6,-983.4,-973.0,-961.6,-747.9,-700.0,-700.0
../../ncct_cect/vindr_ds/baseline_volumes/1.2.840.113619.2.278.3.717616.260.1578649371.734/1.2.840.113619.2.278.3.717616.260.1578649371.734_1.2.840.113619.2.278.3.717616.260.1578649371.831.4198401_baseline.nii.gz,1.2.840.113619.2.278.3.717616.260.1578649371.734_1.2.840.113619.2.278.3.717616.260.1578649371.831.4198401_baseline.nii.gz,4392640,-1200.0,-700.0,0.0,0.0,0.0,0.568995,0.617861,0.0,0.0,0.0,0.0,-1200.0,-1200.0,-1200.0,-1200.0,-1072.3,-969.0,-866.3,-700.0,-700.0,-999.8,-998.6,-993.3,-975.0,-959.8,-930.0,-710.8,-700.0,-700.0
../../ncct_cect/vindr_ds/baseline_volumes/1.2.840.113619.2.278.3.717616.260.1578649371.734/1.2.840.113619.2.278.3.717616.260.1578649371.734_1.2.840.113619.2.278.3.717616.260.1578649371.831.4202498_baseline.nii.gz,1.2.840.113619.2.278.3.717616.260.1578649371.734_1.2.840.113619.2.278.3.717616.260.1578649371.831.4202498_baseline.nii.gz,4392640,-1200.0,-700.0,0.0,0.0,0.0,0.566874,0.611392,0.0,0.0,0.0,0.0,-1200.0,-1200.0,-1200.0,-1200.0,-1071.8,-956.2,-887.2,-700.0,-700.0,-999.8,-998.3,-991.9,-967.5,-942.3,-916.2,-763.6,-700.0,-700.0
../../ncct_cect/vindr_ds/baseline_volumes/1.2.840.113619.2.278.3.717616.260.1578649372.302/1.2.840.113619.2.278.3.717616.260.1578649372.302_1.2.840.113619.2.278.3.717616.260.1578649372.309.3_baseline.nii.gz,1.2.840.113619.2.278.3.717616.260.1578649372.302_1.2.840.113619.2.278.3.717616.260.1578649372.309.3_baseline.nii.gz,3087116,-1200.0,-700.0,0.0,0.0,0.0,0.516687,0.587527,0.0,0.0,0.0,0.0,-1200.0,-1200.0,-1200.0,-1200.0,-1033.0,-975.3,-919.0,-700.0,-700.0,-999.9,-999.1,-995.7,-982.9,-969.9,-955.5,-740.0,-700.0,-700.0
../../ncct_cect/vindr_ds/baseline_volumes/1.2.840.113619.2.278.3.717616.260.1578649372.302/1.2.840.113619.2.278.3.717616.260.1578649372.302_1.2.840.113619.2.278.3.717616.260.1578649372.435.4198401_baseline.nii.gz,1.2.840.113619.2.278.3.717616.260.1578649372.302_1.2.840.113619.2.278.3.717616.260.1578649372.435.4198401_baseline.nii.gz,3087116,-1200.0,-700.0,0.0,0.0,0.0,0.501168,0.558328,0.0,0.0,0.0,0.0,-1200.0,-1200.0,-1200.0,-1200.0,-1024.6,-966.3,-853.8,-700.0,-700.0,-999.9,-998.6,-993.7,-976.7,-962.9,-945.7,-722.2,-700.0,-700.0
../../ncct_cect/vindr_ds/baseline_volumes/1.2.840.113619.2.278.3.717616.260.1578649372.302/1.2.840.113619.2.278.3.717616.260.1578649372.302_1.2.840.113619.2.278.3.717616.260.1578649372.435.4202498_baseline.nii.gz,1.2.840.113619.2.278.3.717616.260.1578649372.302_1.2.840.113619.2.278.3.717616.260.1578649372.435.4202498_baseline.nii.gz,3087116,-1200.0,-700.0,0.0,0.0,0.0,0.508404,0.55444,0.0,0.0,0.0,0.0,-1200.0,-1200.0,-1200.0,-1200.0,-1029.4,-946.6,-867.9,-700.0,-700.0,-999.8,-998.1,-991.2,-968.2,-937.8,-911.5,-764.0,-700.0,-700.0
../../ncct_cect/vindr_ds/baseline_volumes/1.2.840.113619.2.278.3.717616.260.1578649380.289/1.2.840.113619.2.278.3.717616.260.1578649380.289_1.2.840.113619.2.278.3.717616.260.1578649380.294.3_baseline.nii.gz,1.2.840.113619.2.278.3.717616.260.1578649380.289_1.2.840.113619.2.278.3.717616.260.1578649380.294.3_baseline.nii.gz,2613600,-1200.0,-700.0,0.0,0.0,0.0,0.482751,0.549507,0.0,0.0,0.0,0.0,-1200.0,-1200.0,-1200.0,-1200.0,-1015.9,-972.1,-908.9,-700.0,-700.0,-999.9,-999.0,-995.3,-982.0,-969.5,-956.3,-739.3,-700.0,-700.0
../../ncct_cect/vindr_ds/baseline_volumes/1.2.840.113619.2.278.3.717616.260.1578649380.289/1.2.840.113619.2.278.3.717616.260.1578649380.289_1.2.840.113619.2.278.3.717616.260.1578649380.417.4198401_baseline.nii.gz,1.2.840.113619.2.278.3.717616.260.1578649380.289_1.2.840.113619.2.278.3.717616.260.1578649380.417.4198401_baseline.nii.gz,2613600,-1200.0,-700.0,0.0,0.0,0.0,0.477899,0.529375,0.0,0.0,0.0,0.0,-1200.0,-1200.0,-1200.0,-1200.0,-1012.0,-963.7,-837.3,-700.0,-700.0,-999.8,-998.4,-993.0,-975.6,-962.1,-942.9,-719.9,-700.0,-700.0
../../ncct_cect/vindr_ds/baseline_volumes/1.2.840.113619.2.278.3.717616.260.1578649380.289/1.2.840.113619.2.278.3.717616.260.1578649380.289_1.2.840.113619.2.278.3.717616.260.1578649380.417.4202498_baseline.nii.gz,1.2.840.113619.2.278.3.717616.260.1578649380.289_1.2.840.113619.2.278.3.717616.260.1578649380.417.4202498_baseline.nii.gz,2613600,-1200.0,-700.0,0.0,0.0,0.0,0.473489,0.516194,0.0,0.0,0.0,0.0,-1200.0,-1200.0,-1200.0,-1200.0,-1007.9,-941.7,-867.7,-700.0,-700.0,-999.8,-997.9,-990.3,-965.3,-940.0,-915.6,-733.0,-700.0,-700.0
../../ncct_cect/vindr_ds/baseline_volumes/1.2.840.113619.2.278.3.717616.260.1578649381.693/1.2.840.113619.2.278.3.717616.260.1578649381.693_1.2.840.113619.2.278.3.717616.260.1578649381.698.3_baseline.nii.gz,1.2.840.113619.2.278.3.717616.260.1578649381.693_1.2.840.113619.2.278.3.717616.260.1578649381.698.3_baseline.nii.gz,3438240,-1200.0,-700.0,0.0,0.0,0.0,0.576956,0.634718,0.0,0.0,0.0,0.0,-1200.0,-1200.0,-1200.0,-1200.0,-1076.6,-976.4,-932.3,-700.0,-700.0,-999.9,-998.9,-995.1,-980.5,-966.2,-950.8,-700.0,-700.0,-700.0
../../ncct_cect/vindr_ds/baseline_volumes/1.2.840.113619.2.278.3.717616.260.1578649381.693/1.2.840.113619.2.278.3.717616.260.1578649381.693_1.2.840.113619.2.278.3.717616.260.1578649381.790.4198401_baseline.nii.gz,1.2.840.113619.2.278.3.717616.260.1578649381.693_1.2.840.113619.2.278.3.717616.260.1578649381.790.4198401_baseline.nii.gz,3438240,-1200.0,-700.0,0.0,0.0,0.0,0.546464,0.589805,0.0,0.0,0.0,0.0,-1200.0,-1200.0,-1200.0,-1144.9,-1057.1,-959.3,-845.5,-700.0,-700.0,-999.8,-998.2,-991.5,-970.0,-951.5,-925.9,-700.0,-700.0,-700.0
../../ncct_cect/vindr_ds/baseline_volumes/1.2.840.113619.2.278.3.717616.260.1578649381.693/1.2.840.113619.2.278.3.717616.260.1578649381.693_1.2.840.113619.2.278.3.717616.260.1578649381.790.4202498_baseline.nii.gz,1.2.840.113619.2.278.3.717616.260.1578649381.693_1.2.840.113619.2.278.3.717616.260.1578649381.790.4202498_baseline.nii.gz,3438240,-1200.0,-700.0,0.0,0.0,0.0,0.544447,0.585787,0.0,0.0,0.0,0.0,-1200.0,-1200.0,-1200.0,-1141.9,-1056.1,-952.1,-868.7,-700.0,-700.0,-999.8,-998.0,-990.8,-967.2,-935.1,-905.8,-700.0,-700.0,-700.0
../../ncct_cect/vindr_ds/baseline_volumes/1.2.840.113619.2.278.3.717616.260.1578649386.487/1.2.840.113619.2.278.3.717616.260.1578649386.487_1.2.840.113619.2.278.3.717616.260.1578649386.492.3_baseline.nii.gz,1.2.840.113619.2.278.3.717616.260.1578649386.487_1.2.840.113619.2.278.3.717616.260.1578649386.492.3_baseline.nii.gz,1754424,-1200.0,-700.0,0.0,0.0,0.0,0.455756,0.522105,0.0,0.0,0.0,0.0,-1200.0,-1200.0,-1200.0,-1200.0,-1006.0,-969.4,-913.8,-700.0,-700.0,-999.9,-998.9,-994.8,-980.6,-968.4,-956.3,-700.0,-700.0,-700.0
../../ncct_cect/vindr_ds/baseline_volumes/1.2.840.113619.2.278.3.717616.260.1578649386.487/1.2.840.113619.2.278.3.717616.260.1578649386.487_1.2.840.113619.2.278.3.717616.260.1578649386.582.4202498_baseline.nii.gz,1.2.840.113619.2.278.3.717616.260.1578649386.487_1.2.840.113619.2.278.3.717616.260.1578649386.582.4202498_baseline.nii.gz,1754424,-1200.0,-700.0,0.0,0.0,0.0,0.41409,0.451686,0.0,0.0,0.0,0.0,-1200.0,-1200.0,-1200.0,-1136.5,-979.5,-926.7,-871.2,-700.0,-700.0,-999.7,-997.1,-987.1,-959.6,-931.4,-909.4,-702.2,-700.0,-700.0
../../ncct_cect/vindr_ds/baseline_volumes/1.2.840.113619.2.278.3.717616.260.1578649386.487/1.2.840.113619.2.278.3.717616.260.1578649386.487_1.2.840.113619.2.278.3.717616.260.1578649386.755.11_baseline.nii.gz,1.2.840.113619.2.278.3.717616.260.1578649386.487_1.2.840.113619.2.278.3.717616.260.1578649386.755.11_baseline.nii.gz,1754424,-1200.0,-700.0,0.0,0.0,0.0,0.404558,0.442314,0.0,0.0,0.0,0.0,-1200.0,-1200.0,-1200.0,-1129.7,-976.8,-939.8,-881.2,-700.0,-700.0,-999.7,-997.1,-986.9,-960.6,-943.0,-926.1,-708.9,-700.0,-700.0
../../ncct_cect/vindr_ds/baseline_volumes/1.2.840.113619.2.278.3.717616.260.1578649416.931/1.2.840.113619.2.278.3.717616.260.1578649416.931_1.2.840.113619.2.278.3.717616.260.1578649416.936.3_baseline.nii.gz,1.2.840.113619.2.278.3.717616.260.1578649416.931_1.2.840.113619.2.278.3.717616.260.1578649416.936.3_baseline.nii.gz,3632580,-1200.0,-700.0,0.0,0.0,0.0,0.445992,0.682693,0.0,0.0,0.0,0.0,-1200.0,-1200.0,-1200.0,-1200.0,-1017.7,-990.2,-940.8,-700.0,-700.0,-1000.0,-999.6,-997.8,-988.5,-978.0,-964.4,-756.8,-700.0,-700.0
../../ncct_cect/vindr_ds/baseline_volumes/1.2.840.113619.2.278.3.717616.260.1578649416.931/1.2.840.113619.2.278.3.717616.260.1578649416.931_1.2.840.113619.2.278.3.717616.260.1578649417.37.4198401_baseline.nii.gz,1.2.840.113619.2.278.3.717616.260.1578649416.931_1.2.840.113619.2.278.3.717616.260.1578649417.37.4198401_baseline.nii.gz,3632580,-1200.0,-700.0,0.0,0.0,0.0,0.38191,0.599601,0.0,0.0,0.0,0.0,-1200.0,-1200.0,-1200.0,-1088.7,-1011.2,-963.8,-846.7,-700.0,-700.0,-999.9,-999.3,-996.2,-974.9,-953.3,-918.9,-725.1,-700.0,-700.0
../../ncct_cect/vindr_ds/baseline_volumes/1.2.840.113619.2.278.3.717616.260.1578649416.931/1.2.840.113619.2.278.3.717616.260.1578649416.931_1.2.840.113619.2.278.3.717616.260.1578649417.37.4202498_baseline.nii.gz,1.2.840.113619.2.278.3.717616.260.1578649416.931_1.2.840.113619.2.278.3.717616.260.1578649417.37.4202498_baseline.nii.gz,3632580,-1200.0,-700.0,0.0,0.0,0.0,0.381036,0.584219,0.0,0.0,0.0,0.0,-1200.0,-1200.0,-1200.0,-1082.8,-1010.0,-954.3,-860.0,-700.0,-700.0,-999.9,-999.3,-996.2,-972.1,-939.6,-902.7,-765.6,-700.0,-700.0
../../ncct_cect/vindr_ds/baseline_volumes/1.2.840.113619.2.278.3.717616.260.1578649417.892/1.2.840.113619.2.278.3.717616.260.1578649417.892_1.2.840.113619.2.278.3.717616.260.1578649417.897.3_baseline.nii.gz,1.2.840.113619.2.278.3.717616.260.1578649417.892_1.2.840.113619.2.278.3.717616.260.1578649417.897.3_baseline.nii.gz,3146094,-1200.0,-700.0,0.0,0.0,0.0,0.456933,0.569263,0.0,0.0,0.0,0.0,-1200.0,-1200.0,-1200.0,-1107.9,-1012.7,-979.1,-892.7,-700.0,-700.0,-999.9,-999.4,-996.9,-986.7,-975.3,-958.4,-735.9,-700.0,-700.0
../../ncct_cect/vindr_ds/baseline_volumes/1.2.840.113619.2.278.3.717616.260.1578649417.892/1.2.840.113619.2.278.3.717616.260.1578649417.892_1.2.840.113619.2.278.3.717616.260.1578649417.998.4198401_baseline.nii.gz,1.2.840.113619.2.278.3.717616.260.1578649417.892_1.2.840.113619.2.278.3.717616.260.1578649417.998.4198401_baseline.nii.gz,3146094,-1200.0,-700.0,0.0,0.0,0.0,0.457885,0.535207,0.0,0.0,0.0,0.0,-1200.0,-1200.0,-1200.0,-1126.5,-1010.0,-956.1,-808.1,-700.0,-700.0,-999.9,-998.8,-994.1,-974.6,-952.0,-897.1,-716.3,-700.0,-700.0
../../ncct_cect/vindr_ds/baseline_volumes/1.2.840.113619.2.278.3.717616.260.1578649417.892/1.2.840.113619.2.278.3.717616.260.1578649417.892_1.2.840.113619.2.278.3.717616.260.1578649417.998.4202498_baseline.nii.gz,1.2.840.113619.2.278.3.717616.260.1578649417.892_1.2.840.113619.2.278.3.717616.260.1578649417.998.4202498_baseline.nii.gz,3146094,-1200.0,-700.0,0.0,0.0,0.0,0.398263,0.469537,0.0,0.0,0.0,0.0,-1200.0,-1200.0,-1200.0,-1099.0,-991.3,-927.8,-823.0,-700.0,-700.0,-999.8,-998.4,-992.4,-965.3,-931.8,-886.3,-739.4,-700.0,-700.0
../../ncct_cect/vindr_ds/baseline_volumes/1.2.840.113619.2.278.3.717616.260.1578649418.868/1.2.840.113619.2.278.3.717616.260.1578649418.868_1.2.840.113619.2.278.3.717616.260.1578649418.873.3_baseline.nii.gz,1.2.840.113619.2.278.3.717616.260.1578649418.868_1.2.840.113619.2.278.3.717616.260.1578649418.873.3_baseline.nii.gz,5336640,-1200.0,-700.0,0.0,0.0,0.0,0.504029,0.664511,0.0,0.0,0.0,0.0,-1200.0,-1200.0,-1200.0,-1103.7,-1024.8,-988.1,-952.9,-720.5,-700.0,-1000.0,-999.5,-997.7,-988.4,-977.2,-965.0,-802.3,-700.0,-700.0
../../ncct_cect/vindr_ds/baseline_volumes/1.2.840.113619.2.278.3.717616.260.1578649418.868/1.2.840.113619.2.278.3.717616.260.1578649418.868_1.2.840.113619.2.278.3.717616.260.1578649418.976.4202498_baseline.nii.gz,1.2.840.113619.2.278.3.717616.260.1578649418.868_1.2.840.113619.2.278.3.717616.260.1578649418.976.4202498_baseline.nii.gz,5336640,-1200.0,-700.0,0.0,0.0,0.0,0.467448,0.582244,0.0,0.0,0.0,0.0,-1200.0,-1200.0,-1200.0,-1097.2,-1016.5,-956.1,-883.9,-701.0,-700.0,-999.9,-999.1,-995.3,-975.2,-935.4,-909.7,-809.7,-700.0,-700.0
../../ncct_cect/vindr_ds/baseline_volumes/1.2.840.113619.2.278.3.717616.260.1578649418.868/1.2.840.113619.2.278.3.717616.260.1578649418.868_1.2.840.113619.2.278.3.717616.260.1578649419.700.11_baseline.nii.gz,1.2.840.113619.2.278.3.717616.260.1578649418.868_1.2.840.113619.2.278.3.717616.260.1578649419.700.11_baseline.nii.gz,5336640,-1200.0,-700.0,0.0,0.0,0.0,0.460974,0.576111,0.0,0.0,0.0,0.0,-1200.0,-1200.0,-1200.0,-1094.9,-1015.1,-957.7,-904.7,-711.6,-700.0,-999.9,-999.1,-995.2,-975.3,-946.6,-927.3,-819.5,-700.0,-700.0
../../ncct_cect/vindr_ds/baseline_volumes/1.2.840.113619.2.278.3.717616.286.1587944966.46/1.2.840.113619.2.278.3.717616.286.1587944966.46_1.2.840.113619.2.278.3.717616.286.1587944966.152.4198401_baseline.nii.gz,1.2.840.113619.2.278.3.717616.286.1587944966.46_1.2.840.113619.2.278.3.717616.286.1587944966.152.4198401_baseline.nii.gz,3460704,-1200.0,-700.0,0.0,0.0,0.0,0.513335,0.603679,0.0,0.0,0.0,0.0,-1200.0,-1200.0,-1200.0,-1200.0,-1030.5,-974.2,-879.9,-700.0,-700.0,-999.9,-998.8,-994.4,-980.0,-967.9,-937.3,-720.7,-700.0,-700.0
../../ncct_cect/vindr_ds/baseline_volumes/1.2.840.113619.2.278.3.717616.286.1587944966.46/1.2.840.113619.2.278.3.717616.286.1587944966.46_1.2.840.113619.2.278.3.717616.286.1587944966.152.4202498_baseline.nii.gz,1.2.840.113619.2.278.3.717616.286.1587944966.46_1.2.840.113619.2.278.3.717616.286.1587944966.152.4202498_baseline.nii.gz,3460704,-1200.0,-700.0,0.0,0.0,0.0,0.526572,0.579858,0.0,0.0,0.0,0.0,-1200.0,-1200.0,-1200.0,-1200.0,-1038.3,-943.9,-881.7,-700.0,-700.0,-999.8,-998.4,-992.3,-967.9,-932.3,-910.3,-790.4,-700.0,-700.0
../../ncct_cect/vindr_ds/baseline_volumes/1.2.840.113619.2.278.3.717616.286.1587944966.46/1.2.840.113619.2.278.3.717616.286.1587944966.46_1.2.840.113619.2.278.3.717616.286.1587944966.51.3_baseline.nii.gz,1.2.840.113619.2.278.3.717616.286.1587944966.46_1.2.840.113619.2.278.3.717616.286.1587944966.51.3_baseline.nii.gz,3460704,-1200.0,-700.0,0.0,0.0,0.0,0.575941,0.653193,0.0,0.0,0.0,0.0,-1200.0,-1200.0,-1200.0,-1200.0,-1061.1,-984.9,-948.6,-700.0,-700.0,-999.9,-999.3,-996.5,-986.2,-976.4,-964.8,-771.2,-700.0,-700.0
../../ncct_cect/vindr_ds/baseline_volumes/1.2.840.113619.2.278.3.717616.286.1587944966.506/1.2.840.113619.2.278.3.717616.286.1587944966.506_1.2.840.113619.2.278.3.717616.286.1587944966.511.3_baseline.nii.gz,1.2.840.113619.2.278.3.717616.286.1587944966.506_1.2.840.113619.2.278.3.717616.286.1587944966.511.3_baseline.nii.gz,2963202,-1200.0,-700.0,0.0,0.0,0.0,0.498718,0.590406,0.0,0.0,0.0,0.0,-1200.0,-1200.0,-1200.0,-1200.0,-1023.5,-977.1,-948.9,-700.0,-700.0,-999.9,-999.2,-996.2,-983.6,-972.6,-962.0,-813.8,-700.0,-700.0
../../ncct_cect/vindr_ds/baseline_volumes/1.2.840.113619.2.278.3.717616.286.1587944966.506/1.2.840.113619.2.278.3.717616.286.1587944966.506_1.2.840.113619.2.278.3.717616.286.1587944966.605.4198401_baseline.nii.gz,1.2.840.113619.2.278.3.717616.286.1587944966.506_1.2.840.113619.2.278.3.717616.286.1587944966.605.4198401_baseline.nii.gz,2963202,-1200.0,-700.0,0.0,0.0,0.0,0.470173,0.53841,0.0,0.0,0.0,0.0,-1200.0,-1200.0,-1200.0,-1200.0,-1011.2,-960.4,-844.2,-700.0,-700.0,-999.9,-998.8,-993.8,-972.9,-958.1,-928.3,-740.4,-700.0,-700.0
../../ncct_cect/vindr_ds/baseline_volumes/1.2.840.113619.2.278.3.717616.286.1587944966.506/1.2.840.113619.2.278.3.717616.286.1587944966.506_1.2.840.113619.2.278.3.717616.286.1587944966.605.4202498_baseline.nii.gz,1.2.840.113619.2.278.3.717616.286.1587944966.506_1.2.840.113619.2.278.3.717616.286.1587944966.605.4202498_baseline.nii.gz,2963202,-1200.0,-700.0,0.0,0.0,0.0,0.424725,0.48495,0.0,0.0,0.0,0.0,-1200.0,-1200.0,-1200.0,-1200.0,-995.7,-933.7,-883.0,-700.0,-700.0,-999.8,-998.5,-992.7,-965.3,-935.1,-915.7,-827.5,-700.0,-700.0
../../ncct_cect/vindr_ds/baseline_volumes/1.2.840.113619.2.278.3.717616.286.1587944967.557/1.2.840.113619.2.278.3.717616.286.1587944967.557_1.2.840.113619.2.278.3.717616.286.1587944967.562.3_baseline.nii.gz,1.2.840.113619.2.278.3.717616.286.1587944967.557_1.2.840.113619.2.278.3.717616.286.1587944967.562.3_baseline.nii.gz,3223872,-1200.0,-700.0,0.0,0.0,0.0,0.580814,0.637789,0.0,0.0,0.0,0.0,-1200.0,-1200.0,-1200.0,-1186.8,-1081.3,-977.2,-926.9,-700.0,-700.0,-999.9,-999.0,-995.2,-980.8,-966.7,-951.8,-771.6,-700.0,-700.0
../../ncct_cect/vindr_ds/baseline_volumes/1.2.840.113619.2.278.3.717616.286.1587944967.557/1.2.840.113619.2.278.3.717616.286.1587944967.557_1.2.840.113619.2.278.3.717616.286.1587944967.658.4198401_baseline.nii.gz,1.2.840.113619.2.278.3.717616.286.1587944967.557_1.2.840.113619.2.278.3.717616.286.1587944967.658.4198401_baseline.nii.gz,3223872,-1200.0,-700.0,0.0,0.0,0.0,0.554433,0.597426,0.0,0.0,0.0,0.0,-1200.0,-1200.0,-1200.0,-1143.9,-1065.0,-964.2,-870.3,-700.0,-700.0,-999.8,-998.2,-991.8,-972.0,-957.7,-935.7,-764.3,-700.0,-700.0
../../ncct_cect/vindr_ds/baseline_volumes/1.2.840.113619.2.278.3.717616.286.1587944967.557/1.2.840.113619.2.278.3.717616.286.1587944967.557_1.2.840.113619.2.278.3.717616.286.1587944967.658.4202498_baseline.nii.gz,1.2.840.113619.2.278.3.717616.286.1587944967.557_1.2.840.113619.2.278.3.717616.286.1587944967.658.4202498_baseline.nii.gz,3223872,-1200.0,-700.0,0.0,0.0,0.0,0.562895,0.601287,0.0,0.0,0.0,0.0,-1200.0,-1200.0,-1200.0,-1153.1,-1073.5,-956.1,-889.7,-700.0,-700.0,-999.8,-997.9,-990.2,-966.2,-943.4,-917.4,-776.5,-700.0,-700.0
../../ncct_cect/vindr_ds/baseline_volumes/1.2.840.113619.2.278.3.717616.286.1587944968.878/1.2.840.113619.2.278.3.717616.286.1587944968.878_1.2.840.113619.2.278.3.717616.286.1587944968.883.3_baseline.nii.gz,1.2.840.113619.2.278.3.717616.286.1587944968.878_1.2.840.113619.2.278.3.717616.286.1587944968.883.3_baseline.nii.gz,4280428,-1200.0,-700.0,0.0,0.0,0.0,0.662845,0.732033,0.0,0.0,0.0,0.0,-1200.0,-1200.0,-1200.0,-1155.0,-1119.2,-996.6,-961.0,-777.9,-700.0,-999.9,-999.5,-997.4,-989.3,-980.4,-967.8,-816.6,-700.0,-700.0
../../ncct_cect/vindr_ds/baseline_volumes/1.2.840.113619.2.278.3.717616.286.1587944968.878/1.2.840.113619.2.278.3.717616.286.1587944968.878_1.2.840.113619.2.278.3.717616.286.1587944968.981.4198401_baseline.nii.gz,1.2.840.113619.2.278.3.717616.286.1587944968.878_1.2.840.113619.2.278.3.717616.286.1587944968.981.4198401_baseline.nii.gz,4280428,-1200.0,-700.0,0.0,0.0,0.0,0.629552,0.681545,0.0,0.0,0.0,0.0,-1200.0,-1200.0,-1200.0,-1147.2,-1110.3,-981.3,-882.6,-710.8,-700.0,-999.9,-998.8,-994.5,-979.1,-964.4,-924.6,-742.9,-700.0,-700.0
../../ncct_cect/vindr_ds/baseline_volumes/1.2.840.113619.2.278.3.717616.286.1587944968.878/1.2.840.113619.2.278.3.717616.286.1587944968.878_1.2.840.113619.2.278.3.717616.286.1587944968.981.4202498_baseline.nii.gz,1.2.840.113619.2.278.3.717616.286.1587944968.878_1.2.840.113619.2.278.3.717616.286.1587944968.981.4202498_baseline.nii.gz,4280428,-1200.0,-700.0,0.0,0.0,0.0,0.6347,0.682211,0.0,0.0,0.0,0.0,-1200.0,-1200.0,-1200.0,-1147.5,-1109.8,-970.8,-895.4,-766.1,-700.0,-999.9,-998.6,-993.0,-966.0,-943.3,-916.5,-825.1,-700.0,-700.0
../../ncct_cect/vindr_ds/baseline_volumes/1.2.840.113619.2.278.3.717616.286.1587944973.161/1.2.840.113619.2.278.3.717616.286.1587944973.161_1.2.840.113619.2.278.3.717616.286.1587944973.166.3_baseline.nii.gz,1.2.840.113619.2.278.3.717616.286.1587944973.161_1.2.840.113619.2.278.3.717616.286.1587944973.166.3_baseline.nii.gz,2998656,-1200.0,-700.0,0.0,0.0,0.0,0.53456,0.61185,0.0,0.0,0.0,0.0,-1200.0,-1200.0,-1200.0,-1200.0,-1045.1,-978.3,-942.1,-700.0,-700.0,-999.9,-999.1,-996.0,-983.5,-971.9,-959.8,-766.4,-700.0,-700.0
../../ncct_cect/vindr_ds/baseline_volumes/1.2.840.113619.2.278.3.717616.286.1587944973.161/1.2.840.113619.2.278.3.717616.286.1587944973.161_1.2.840.113619.2.278.3.717616.286.1587944973.290.4198401_baseline.nii.gz,1.2.840.113619.2.278.3.717616.286.1587944973.161_1.2.840.113619.2.278.3.717616.286.1587944973.290.4198401_baseline.nii.gz,2998656,-1200.0,-700.0,0.0,0.0,0.0,0.499271,0.557964,0.0,0.0,0.0,0.0,-1200.0,-1200.0,-1200.0,-1200.0,-1023.6,-961.7,-863.8,-700.0,-700.0,-999.9,-998.5,-992.8,-973.5,-957.7,-935.5,-729.1,-700.0,-700.0
../../ncct_cect/vindr_ds/baseline_volumes/1.2.840.113619.2.278.3.717616.286.1587944973.161/1.2.840.113619.2.278.3.717616.286.1587944973.161_1.2.840.113619.2.278.3.717616.286.1587944973.290.4202498_baseline.nii.gz,1.2.840.113619.2.278.3.717616.286.1587944973.161_1.2.840.113619.2.278.3.717616.286.1587944973.290.4202498_baseline.nii.gz,2998656,-1200.0,-700.0,0.0,0.0,0.0,0.503359,0.555255,0.0,0.0,0.0,0.0,-1200.0,-1200.0,-1200.0,-1200.0,-1026.1,-942.4,-877.8,-700.0,-700.0,-999.8,-998.2,-991.4,-966.4,-933.0,-909.1,-779.0,-700.0,-700.0
../../ncct_cect/vindr_ds/baseline_volumes/1.2.840.113619.2.278.3.717616.286.1587944975.372/1.2.840.113619.2.278.3.717616.286.1587944975.372_1.2.840.113619.2.278.3.717616.286.1587944975.377.3_baseline.nii.gz,1.2.840.113619.2.278.3.717616.286.1587944975.372_1.2.840.113619.2.278.3.717616.286.1587944975.377.3_baseline.nii.gz,3564540,-1200.0,-700.0,0.0,0.0,0.0,0.58693,0.659493,0.0,0.0,0.0,0.0,-1200.0,-1200.0,-1200.0,-1200.0,-1063.0,-983.2,-897.8,-700.0,-700.0,-999.9,-999.2,-996.2,-984.0,-971.7,-955.0,-700.0,-700.0,-700.0
../../ncct_cect/vindr_ds/baseline_volumes/1.2.840.113619.2.278.3.717616.286.1587944975.372/1.2.840.113619.2.278.3.717616.286.1587944975.372_1.2.840.113619.2.278.3.717616.286.1587944975.500.4198401_baseline.nii.gz,1.2.840.113619.2.278.3.717616.286.1587944975.372_1.2.840.113619.2.278.3.717616.286.1587944975.500.4198401_baseline.nii.gz,3564540,-1200.0,-700.0,0.0,0.0,0.0,0.54843,0.605334,0.0,0.0,0.0,0.0,-1200.0,-1200.0,-1200.0,-1200.0,-1047.5,-963.9,-786.5,-700.0,-700.0,-999.9,-998.6,-993.4,-973.0,-953.0,-910.8,-700.0,-700.0,-700.0
../../ncct_cect/vindr_ds/baseline_volumes/1.2.840.113619.2.278.3.717616.286.1587944975.372/1.2.840.113619.2.278.3.717616.286.1587944975.372_1.2.840.113619.2.278.3.717616.286.1587944975.500.4202498_baseline.nii.gz,1.2.840.113619.2.278.3.717616.286.1587944975.372_1.2.840.113619.2.278.3.717616.286.1587944975.500.4202498_baseline.nii.gz,3564540,-1200.0,-700.0,0.0,0.0,0.0,0.551624,0.602108,0.0,0.0,0.0,0.0,-1200.0,-1200.0,-1200.0,-1200.0,-1049.8,-942.7,-872.8,-700.0,-700.0,-999.8,-998.3,-991.9,-962.0,-930.4,-910.8,-703.8,-700.0,-700.0
../../ncct_cect/vindr_ds/baseline_volumes/1.2.840.113619.2.278.3.717616.286.1587944978.330/1.2.840.113619.2.278.3.717616.286.1587944978.330_1.2.840.113619.2.278.3.717616.286.1587944978.335.3_baseline.nii.gz,1.2.840.113619.2.278.3.717616.286.1587944978.330_1.2.840.113619.2.278.3.717616.286.1587944978.335.3_baseline.nii.gz,1739712,-1200.0,-700.0,0.0,0.0,0.0,0.464337,0.515869,0.0,0.0,0.0,0.0,-1200.0,-1200.0,-1200.0,-1200.0,-1005.2,-969.5,-928.0,-700.0,-700.0,-999.9,-998.7,-994.1,-980.2,-968.9,-956.9,-757.3,-700.0,-700.0
../../ncct_cect/vindr_ds/baseline_volumes/1.2.840.113619.2.278.3.717616.286.1587944978.330/1.2.840.113619.2.278.3.717616.286.1587944978.330_1.2.840.113619.2.278.3.717616.286.1587944978.417.4198401_baseline.nii.gz,1.2.840.113619.2.278.3.717616.286.1587944978.330_1.2.840.113619.2.278.3.717616.286.1587944978.417.4198401_baseline.nii.gz,1739712,-1200.0,-700.0,0.0,0.0,0.0,0.45063,0.481412,0.0,0.0,0.0,0.0,-1200.0,-1200.0,-1200.0,-1200.0,-990.1,-950.4,-813.3,-700.0,-700.0,-999.7,-997.0,-987.0,-965.4,-951.5,-909.9,-711.1,-700.0,-700.0
../../ncct_cect/vindr_ds/baseline_volumes/1.2.840.113619.2.278.3.717616.286.1587944978.330/1.2.840.113619.2.278.3.717616.286.1587944978.330_1.2.840.113619.2.278.3.717616.286.1587944978.417.4202498_baseline.nii.gz,1.2.840.113619.2.278.3.717616.286.1587944978.330_1.2.840.113619.2.278.3.717616.286.1587944978.417.4202498_baseline.nii.gz,1739712,-1200.0,-700.0,0.0,0.0,0.0,0.444683,0.470361,0.0,0.0,0.0,0.0,-1200.0,-1200.0,-1200.0,-1200.0,-981.8,-917.3,-862.8,-700.0,-700.0,-999.6,-996.1,-983.3,-951.5,-919.6,-899.7,-773.1,-700.0,-700.0
../../ncct_cect/vindr_ds/baseline_volumes/1.2.840.113619.2.278.3.717616.286.1587944978.649/1.2.840.113619.2.278.3.717616.286.1587944978.649_1.2.840.113619.2.278.3.717616.286.1587944978.654.3_baseline.nii.gz,1.2.840.113619.2.278.3.717616.286.1587944978.649_1.2.840.113619.2.278.3.717616.286.1587944978.654.3_baseline.nii.gz,4284000,-1200.0,-700.0,0.0,0.0,0.0,0.605061,0.6704,0.0,0.0,0.0,0.0,-1200.0,-1200.0,-1200.0,-1200.0,-1084.5,-985.1,-950.4,-700.0,-700.0,-999.9,-999.2,-996.1,-984.7,-974.4,-963.0,-737.4,-700.0,-700.0
../../ncct_cect/vindr_ds/baseline_volumes/1.2.840.113619.2.278.3.717616.286.1587944978.649/1.2.840.113619.2.278.3.717616.286.1587944978.649_1.2.840.113619.2.278.3.717616.286.1587944978.742.4198401_baseline.nii.gz,1.2.840.113619.2.278.3.717616.286.1587944978.649_1.2.840.113619.2.278.3.717616.286.1587944978.742.4198401_baseline.nii.gz,4284000,-1200.0,-700.0,0.0,0.0,0.0,0.575106,0.639392,0.0,0.0,0.0,0.0,-1200.0,-1200.0,-1200.0,-1200.0,-1071.1,-974.5,-896.6,-700.0,-700.0,-999.9,-998.7,-993.8,-977.6,-965.4,-946.0,-734.4,-700.0,-700.0
../../ncct_cect/vindr_ds/baseline_volumes/1.2.840.113619.2.278.3.717616.286.1587944978.649/1.2.840.113619.2.278.3.717616.286.1587944978.649_1.2.840.113619.2.278.3.717616.286.1587944978.742.4202498_baseline.nii.gz,1.2.840.113619.2.278.3.717616.286.1587944978.649_1.2.840.113619.2.278.3.717616.286.1587944978.742.4202498_baseline.nii.gz,4284000,-1200.0,-700.0,0.0,0.0,0.0,0.586775,0.631941,0.0,0.0,0.0,0.0,-1200.0,-1200.0,-1200.0,-1200.0,-1081.1,-963.8,-904.7,-700.0,-700.0,-999.8,-998.4,-992.4,-970.3,-944.7,-924.3,-759.0,-700.0,-700.0
../../ncct_cect/vindr_ds/baseline_volumes/1.2.840.113619.2.278.3.717616.286.1587944978.934/1.2.840.113619.2.278.3.717616.286.1587944978.934_1.2.840.113619.2.278.3.717616.286.1587944978.939.3_baseline.nii.gz,1.2.840.113619.2.278.3.717616.286.1587944978.934_1.2.840.113619.2.278.3.717616.286.1587944978.939.3_baseline.nii.gz,2946800,-1200.0,-700.0,0.0,0.0,0.0,0.545175,0.609417,0.0,0.0,0.0,0.0,-1200.0,-1200.0,-1200.0,-1200.0,-1053.8,-977.4,-942.6,-700.0,-700.0,-999.9,-999.0,-995.5,-982.7,-971.2,-958.9,-753.9,-700.0,-700.0
../../ncct_cect/vindr_ds/baseline_volumes/1.2.840.113619.2.278.3.717616.286.1587944978.934/1.2.840.113619.2.278.3.717616.286.1587944978.934_1.2.840.113619.2.278.3.717616.286.1587944979.30.4198401_baseline.nii.gz,1.2.840.113619.2.278.3.717616.286.1587944978.934_1.2.840.113619.2.278.3.717616.286.1587944979.30.4198401_baseline.nii.gz,2946800,-1200.0,-700.0,0.0,0.0,0.0,0.50822,0.571316,0.0,0.0,0.0,0.0,-1200.0,-1200.0,-1200.0,-1200.0,-1029.3,-966.3,-841.1,-700.0,-700.0,-999.8,-998.4,-992.5,-974.8,-962.6,-945.6,-710.8,-700.0,-700.0
../../ncct_cect/vindr_ds/baseline_volumes/1.2.840.113619.2.278.3.717616.286.1587944978.934/1.2.840.113619.2.278.3.717616.286.1587944978.934_1.2.840.113619.2.278.3.717616.286.1587944979.30.4202498_baseline.nii.gz,1.2.840.113619.2.278.3.717616.286.1587944978.934_1.2.840.113619.2.278.3.717616.286.1587944979.30.4202498_baseline.nii.gz,2946800,-1200.0,-700.0,0.0,0.0,0.0,0.515017,0.557518,0.0,0.0,0.0,0.0,-1200.0,-1200.0,-1200.0,-1200.0,-1034.6,-950.4,-873.4,-700.0,-700.0,-999.8,-997.9,-990.4,-966.2,-944.2,-918.8,-765.3,-700.0,-700.0
../../ncct_cect/vindr_ds/baseline_volumes/1.2.840.113619.2.278.3.717616.286.1587944983.828/1.2.840.113619.2.278.3.717616.286.1587944983.828_1.2.840.113619.2.278.3.717616.286.1587944983.833.3_baseline.nii.gz,1.2.840.113619.2.278.3.717616.286.1587944983.828_1.2.840.113619.2.278.3.717616.286.1587944983.833.3_baseline.nii.gz,2260272,-1200.0,-700.0,0.0,0.0,0.0,0.566473,0.624976,0.0,0.0,0.0,0.0,-1200.0,-1200.0,-1200.0,-1200.0,-1073.4,-977.0,-940.9,-718.1,-700.0,-999.9,-999.0,-995.2,-981.6,-968.1,-953.2,-819.4,-700.0,-700.0
../../ncct_cect/vindr_ds/baseline_volumes/1.2.840.113619.2.278.3.717616.286.1587944983.828/1.2.840.113619.2.278.3.717616.286.1587944983.828_1.2.840.113619.2.278.3.717616.286.1587944983.915.4198401_baseline.nii.gz,1.2.840.113619.2.278.3.717616.286.1587944983.828_1.2.840.113619.2.278.3.717616.286.1587944983.915.4198401_baseline.nii.gz,2260272,-1200.0,-700.0,0.0,0.0,0.0,0.544744,0.586356,0.0,0.0,0.0,0.0,-1200.0,-1200.0,-1200.0,-1200.0,-1060.5,-957.8,-863.2,-700.0,-700.0,-999.8,-998.1,-991.5,-969.7,-948.3,-922.9,-761.9,-700.0,-700.0
../../ncct_cect/vindr_ds/baseline_volumes/1.2.840.113619.2.278.3.717616.286.1587944983.828/1.2.840.113619.2.278.3.717616.286.1587944983.828_1.2.840.113619.2.278.3.717616.286.1587944983.915.4202498_baseline.nii.gz,1.2.840.113619.2.278.3.717616.286.1587944983.828_1.2.840.113619.2.278.3.717616.286.1587944983.915.4202498_baseline.nii.gz,2260272,-1200.0,-700.0,0.0,0.0,0.0,0.541134,0.5776,0.0,0.0,0.0,0.0,-1200.0,-1200.0,-1200.0,-1200.0,-1058.9,-945.2,-872.5,-706.5,-700.0,-999.8,-997.8,-989.7,-963.3,-927.4,-896.2,-814.7,-700.0,-700.0
../../ncct_cect/vindr_ds/baseline_volumes/1.2.840.113619.2.278.3.717616.286.1587944984.611/1.2.840.113619.2.278.3.717616.286.1587944984.611_1.2.840.113619.2.278.3.717616.286.1587944984.616.3_baseline.nii.gz,1.2.840.113619.2.278.3.717616.286.1587944984.611_1.2.840.113619.2.278.3.717616.286.1587944984.616.3_baseline.nii.gz,1993860,-1200.0,-700.0,0.0,0.0,0.0,0.539634,0.595056,0.0,0.0,0.0,0.0,-1200.0,-1200.0,-1200.0,-1200.0,-1055.6,-974.9,-932.7,-724.1,-700.0,-999.9,-998.9,-995.1,-981.8,-968.8,-954.1,-817.4,-700.0,-700.0
../../ncct_cect/vindr_ds/baseline_volumes/1.2.840.113619.2.278.3.717616.286.1587944984.611/1.2.840.113619.2.278.3.717616.286.1587944984.611_1.2.840.113619.2.278.3.717616.286.1587944984.696.4198401_baseline.nii.gz,1.2.840.113619.2.278.3.717616.286.1587944984.611_1.2.840.113619.2.278.3.717616.286.1587944984.696.4198401_baseline.nii.gz,1993860,-1200.0,-700.0,0.0,0.0,0.0,0.519711,0.558497,0.0,0.0,0.0,0.0,-1200.0,-1200.0,-1200.0,-1200.0,-1041.4,-959.5,-867.3,-720.2,-700.0,-999.8,-998.0,-991.0,-970.7,-955.8,-932.1,-779.0,-700.0,-700.0
../../ncct_cect/vindr_ds/baseline_volumes/1.2.840.113619.2.278.3.717616.286.1587944984.611/1.2.840.113619.2.278.3.717616.286.1587944984.611_1.2.840.113619.2.278.3.717616.286.1587944984.696.4202498_baseline.nii.gz,1.2.840.113619.2.278.3.717616.286.1587944984.611_1.2.840.113619.2.278.3.717616.286.1587944984.696.4202498_baseline.nii.gz,1993860,-1200.0,-700.0,0.0,0.0,0.0,0.53873,0.569329,0.0,0.0,0.0,0.0,-1200.0,-1200.0,-1200.0,-1200.0,-1067.0,-938.3,-868.9,-721.1,-700.0,-999.7,-997.3,-988.1,-960.2,-928.7,-906.2,-818.0,-700.0,-700.0
../../ncct_cect/vindr_ds/baseline_volumes/1.2.840.113619.2.278.3.717616.286.1593493247.138/1.2.840.113619.2.278.3.717616.286.1593493247.138_1.2.840.113619.2.278.3.717616.286.1593493247.143.3_baseline.nii.gz,1.2.840.113619.2.278.3.717616.286.1593493247.138_1.2.840.113619.2.278.3.717616.286.1593493247.143.3_baseline.nii.gz,3861432,-1200.0,-700.0,0.0,0.0,0.0,0.500632,0.60423,0.0,0.0,0.0,0.0,-1200.0,-1200.0,-1200.0,-1115.4,-1024.2,-979.1,-879.0,-700.0,-700.0,-999.9,-999.3,-996.7,-985.2,-972.4,-955.0,-718.5,-700.0,-700.0
../../ncct_cect/vindr_ds/baseline_volumes/1.2.840.113619.2.278.3.717616.286.1593493247.138/1.2.840.113619.2.278.3.717616.286.1593493247.138_1.2.840.113619.2.278.3.717616.286.1593493247.251.4202498_baseline.nii.gz,1.2.840.113619.2.278.3.717616.286.1593493247.138_1.2.840.113619.2.278.3.717616.286.1593493247.251.4202498_baseline.nii.gz,3861432,-1200.0,-700.0,0.0,0.0,0.0,0.476789,0.551171,0.0,0.0,0.0,0.0,-1200.0,-1200.0,-1200.0,-1116.2,-1015.4,-943.1,-838.4,-700.0,-700.0,-999.9,-998.7,-993.7,-969.1,-935.6,-895.7,-726.8,-700.0,-700.0
../../ncct_cect/vindr_ds/baseline_volumes/1.2.840.113619.2.278.3.717616.286.1593493249.833/1.2.840.113619.2.278.3.717616.286.1593493249.833_1.2.840.113619.2.278.3.717616.286.1593493249.838.3_baseline.nii.gz,1.2.840.113619.2.278.3.717616.286.1593493249.833_1.2.840.113619.2.278.3.717616.286.1593493249.838.3_baseline.nii.gz,2921184,-1200.0,-700.0,0.0,0.0,0.0,0.457398,0.534811,0.0,0.0,0.0,0.0,-1200.0,-1200.0,-1200.0,-1200.0,-1008.6,-972.0,-881.7,-700.0,-700.0,-999.9,-999.1,-995.7,-983.2,-970.0,-954.6,-700.0,-700.0,-700.0
../../ncct_cect/vindr_ds/baseline_volumes/1.2.840.113619.2.278.3.717616.286.1593493249.833/1.2.840.113619.2.278.3.717616.286.1593493249.833_1.2.840.113619.2.278.3.717616.286.1593493249.959.4198401_baseline.nii.gz,1.2.840.113619.2.278.3.717616.286.1593493249.833_1.2.840.113619.2.278.3.717616.286.1593493249.959.4198401_baseline.nii.gz,2921184,-1200.0,-700.0,0.0,0.0,0.0,0.430908,0.494254,0.0,0.0,0.0,0.0,-1200.0,-1200.0,-1200.0,-1200.0,-998.4,-962.6,-830.2,-700.0,-700.0,-999.9,-998.6,-993.6,-976.9,-962.9,-944.9,-724.0,-700.0,-700.0
../../ncct_cect/vindr_ds/baseline_volumes/1.2.840.113619.2.278.3.717616.286.1593493249.833/1.2.840.113619.2.278.3.717616.286.1593493249.833_1.2.840.113619.2.278.3.717616.286.1593493249.959.4202498_baseline.nii.gz,1.2.840.113619.2.278.3.717616.286.1593493249.833_1.2.840.113619.2.278.3.717616.286.1593493249.959.4202498_baseline.nii.gz,2921184,-1200.0,-700.0,0.0,0.0,0.0,0.42804,0.479212,0.0,0.0,0.0,0.0,-1200.0,-1200.0,-1200.0,-1200.0,-992.6,-945.4,-882.6,-700.0,-700.0,-999.8,-998.0,-990.9,-968.2,-946.9,-925.4,-733.4,-700.0,-700.0
../../ncct_cect/vindr_ds/baseline_volumes/1.2.840.113619.2.278.3.717616.286.1593493262.858/1.2.840.113619.2.278.3.717616.286.1593493262.858_1.2.840.113619.2.278.3.717616.286.1593493262.863.3_baseline.nii.gz,1.2.840.113619.2.278.3.717616.286.1593493262.858_1.2.840.113619.2.278.3.717616.286.1593493262.863.3_baseline.nii.gz,3459170,-1200.0,-700.0,0.0,0.0,0.0,0.612277,0.676761,0.0,0.0,0.0,0.0,-1200.0,-1200.0,-1200.0,-1200.0,-1097.7,-985.0,-949.8,-700.0,-700.0,-999.9,-999.2,-996.2,-983.7,-971.1,-958.9,-766.9,-700.0,-700.0
../../ncct_cect/vindr_ds/baseline_volumes/1.2.840.113619.2.278.3.717616.286.1593493262.858/1.2.840.113619.2.278.3.717616.286.1593493262.858_1.2.840.113619.2.278.3.717616.286.1593493262.956.4198401_baseline.nii.gz,1.2.840.113619.2.278.3.717616.286.1593493262.858_1.2.840.113619.2.278.3.717616.286.1593493262.956.4198401_baseline.nii.gz,3459170,-1200.0,-700.0,0.0,0.0,0.0,0.573992,0.633641,0.0,0.0,0.0,0.0,-1200.0,-1200.0,-1200.0,-1200.0,-1075.8,-972.2,-873.7,-700.0,-700.0,-999.9,-998.7,-993.9,-976.3,-962.8,-943.3,-728.7,-700.0,-700.0
../../ncct_cect/vindr_ds/baseline_volumes/1.2.840.113619.2.278.3.717616.286.1593493262.858/1.2.840.113619.2.278.3.717616.286.1593493262.858_1.2.840.113619.2.278.3.717616.286.1593493262.956.4202498_baseline.nii.gz,1.2.840.113619.2.278.3.717616.286.1593493262.858_1.2.840.113619.2.278.3.717616.286.1593493262.956.4202498_baseline.nii.gz,3459170,-1200.0,-700.0,0.0,0.0,0.0,0.569683,0.617386,0.0,0.0,0.0,0.0,-1200.0,-1200.0,-1200.0,-1200.0,-1073.8,-961.3,-897.2,-700.0,-700.0,-999.8,-998.5,-992.7,-970.0,-939.0,-912.2,-774.7,-700.0,-700.0
../../ncct_cect/vindr_ds/baseline_volumes/1.2.840.113619.2.278.3.717616.286.1593493267.487/1.2.840.113619.2.278.3.717616.286.1593493267.487_1.2.840.113619.2.278.3.717616.286.1593493267.492.3_baseline.nii.gz,1.2.840.113619.2.278.3.717616.286.1593493267.487_1.2.840.113619.2.278.3.717616.286.1593493267.492.3_baseline.nii.gz,2699250,-1200.0,-700.0,0.0,0.0,0.0,0.580899,0.649614,0.0,0.0,0.0,0.0,-1200.0,-1200.0,-1200.0,-1146.0,-1074.0,-979.8,-939.8,-739.5,-700.0,-999.9,-999.1,-995.7,-981.9,-968.1,-953.5,-816.4,-700.0,-700.0
../../ncct_cect/vindr_ds/baseline_volumes/1.2.840.113619.2.278.3.717616.286.1593493267.487/1.2.840.113619.2.278.3.717616.286.1593493267.487_1.2.840.113619.2.278.3.717616.286.1593493267.603.4198401_baseline.nii.gz,1.2.840.113619.2.278.3.717616.286.1593493267.487_1.2.840.113619.2.278.3.717616.286.1593493267.603.4198401_baseline.nii.gz,2699250,-1200.0,-700.0,0.0,0.0,0.0,0.543857,0.59359,0.0,0.0,0.0,0.0,-1200.0,-1200.0,-1200.0,-1139.3,-1054.0,-955.1,-835.1,-700.0,-700.0,-999.8,-998.4,-992.0,-967.9,-945.2,-909.5,-732.4,-700.0,-700.0
../../ncct_cect/vindr_ds/baseline_volumes/1.2.840.113619.2.278.3.717616.286.1593493267.487/1.2.840.113619.2.278.3.717616.286.1593493267.487_1.2.840.113619.2.278.3.717616.286.1593493267.603.4202498_baseline.nii.gz,1.2.840.113619.2.278.3.717616.286.1593493267.487_1.2.840.113619.2.278.3.717616.286.1593493267.603.4202498_baseline.nii.gz,2699250,-1200.0,-700.0,0.0,0.0,0.0,0.547185,0.594708,0.0,0.0,0.0,0.0,-1200.0,-1200.0,-1200.0,-1139.4,-1057.0,-946.8,-868.6,-726.4,-700.0,-999.8,-998.3,-991.7,-965.5,-923.0,-896.8,-813.5,-700.0,-700.0
../../ncct_cect/vindr_ds/baseline_volumes/1.2.840.113619.2.278.3.717616.286.1593493269.25/1.2.840.113619.2.278.3.717616.286.1593493269.25_1.2.840.113619.2.278.3.717616.286.1593493269.109.4198401_baseline.nii.gz,1.2.840.113619.2.278.3.717616.286.1593493269.25_1.2.840.113619.2.278.3.717616.286.1593493269.109.4198401_baseline.nii.gz,3265080,-1200.0,-700.0,0.0,0.0,0.0,0.414478,0.751668,0.0,0.0,0.0,0.0,-1200.0,-1200.0,-1200.0,-1129.8,-1000.0,-1000.0,-913.1,-721.7,-700.0,-999.9,-998.7,-993.4,-972.7,-956.4,-932.0,-739.8,-700.0,-700.0
../../ncct_cect/vindr_ds/baseline_volumes/1.2.840.113619.2.278.3.717616.286.1593493269.25/1.2.840.113619.2.278.3.717616.286.1593493269.25_1.2.840.113619.2.278.3.717616.286.1593493269.109.4202498_baseline.nii.gz,1.2.840.113619.2.278.3.717616.286.1593493269.25_1.2.840.113619.2.278.3.717616.286.1593493269.109.4202498_baseline.nii.gz,3265080,-1200.0,-700.0,0.0,0.0,0.0,0.412878,0.732403,0.0,0.0,0.0,0.0,-1200.0,-1200.0,-1200.0,-1128.8,-1000.0,-989.3,-884.8,-735.1,-700.0,-999.8,-998.4,-991.8,-962.5,-926.6,-902.3,-774.4,-700.0,-700.0
../../ncct_cect/vindr_ds/baseline_volumes/1.2.840.113619.2.278.3.717616.286.1593493269.25/1.2.840.113619.2.278.3.717616.286.1593493269.25_1.2.840.113619.2.278.3.717616.286.1593493269.30.3_baseline.nii.gz,1.2.840.113619.2.278.3.717616.286.1593493269.25_1.2.840.113619.2.278.3.717616.286.1593493269.30.3_baseline.nii.gz,3265080,-1200.0,-700.0,0.0,0.0,0.0,0.703576,0.763194,0.0,0.0,0.0,0.0,-1200.0,-1200.0,-1200.0,-1200.0,-1129.3,-1004.6,-951.1,-740.3,-700.0,-999.9,-999.2,-996.2,-983.7,-969.4,-954.1,-772.9,-700.0,-700.0
