filename,true_min,true_max,frac_le_4096,frac_le_2048,frac_le_1500,frac_le_1024,frac_le_1000,frac_ge_1000,frac_ge_1500,frac_ge_2000,frac_ge_3000,pct_1_all,pct_5_all,pct_50_all,pct_95_all,pct_99_all,pct_1_body,pct_5_body,pct_50_body,pct_95_body,pct_99_body
1.2.840.113619.2.278.3.717616.260.1578649367.247_1.2.840.113619.2.278.3.717616.260.1578649367.252.3_standardized.nii.gz,-4048.0,1025.56005859375,0.0,0.217623,0.734989,0.814908,0.843205,0.0,0.0,0.0,0.0,-4048.0,-4048.0,-2003.7,-955.9,-687.5,-999.0,-995.1,-966.7,-636.7,-280.7
1.2.840.113619.2.278.3.717616.260.1578649367.247_1.2.840.113619.2.278.3.717616.260.1578649367.337.4198401_standardized.nii.gz,-4048.0,1203.266845703125,0.0,0.217617,0.737714,0.812872,0.835245,0.0,0.0,0.0,0.0,-4048.0,-4048.0,-2004.9,-944.2,-683.3,-998.5,-993.0,-959.6,-643.2,-278.4
1.2.840.113619.2.278.3.717616.260.1578649367.247_1.2.840.113619.2.278.3.717616.260.1578649367.337.4202498_standardized.nii.gz,-4048.0,1176.5845947265625,0.0,0.217614,0.734367,0.806917,0.828635,0.0,0.0,0.0,0.0,-4048.0,-4048.0,-2004.0,-928.0,-679.8,-998.4,-992.2,-954.3,-647.8,-287.9
1.2.840.113619.2.278.3.717616.260.1578649371.734_1.2.840.113619.2.278.3.717616.260.1578649371.739.3_standardized.nii.gz,-4048.0,2047.0,0.0,0.217717,0.640241,0.817034,0.845267,6e-06,5e-06,3e-06,0.0,-4048.0,-4048.0,-1975.9,-961.0,-679.0,-999.1,-995.6,-970.7,-604.6,-139.9
1.2.840.113619.2.278.3.717616.260.1578649371.734_1.2.840.113619.2.278.3.717616.260.1578649371.831.4198401_standardized.nii.gz,-4048.0,2047.0,0.0,0.217729,0.639701,0.812102,0.836715,6e-06,5e-06,3e-06,0.0,-4048.0,-4048.0,-1974.7,-944.2,-667.1,-998.8,-994.2,-961.9,-617.1,-156.1
1.2.840.113619.2.278.3.717616.260.1578649371.734_1.2.840.113619.2.278.3.717616.260.1578649371.831.4202498_standardized.nii.gz,-4048.0,2047.0,0.0,0.21772,0.639872,0.810243,0.833366,7e-06,6e-06,4e-06,0.0,-4048.0,-4048.0,-1972.8,-929.8,-671.6,-998.6,-993.4,-953.0,-620.3,-159.4
1.2.840.113619.2.278.3.717616.260.1578649372.302_1.2.840.113619.2.278.3.717616.260.1578649372.309.3_standardized.nii.gz,-4048.0,2047.0,0.0,0.217662,0.710792,0.82536,0.851085,3e-06,2e-06,0.0,0.0,-4048.0,-4048.0,-2000.1,-955.6,-677.5,-999.0,-995.2,-966.6,-614.5,-276.2
1.2.840.113619.2.278.3.717616.260.1578649372.302_1.2.840.113619.2.278.3.717616.260.1578649372.435.4198401_standardized.nii.gz,-4048.0,2047.0,0.0,0.217699,0.696073,0.815189,0.838662,5e-06,3e-06,1e-06,0.0,-4048.0,-4048.0,-2000.5,-949.5,-692.1,-998.6,-993.7,-963.1,-652.6,-301.3
1.2.840.113619.2.278.3.717616.260.1578649372.302_1.2.840.113619.2.278.3.717616.260.1578649372.435.4202498_standardized.nii.gz,-4048.0,2047.0,0.0,0.217691,0.709334,0.818324,0.838535,4.2e-05,3.3e-05,2.1e-05,0.0,-4048.0,-4048.0,-2000.2,-926.6,-671.9,-998.4,-992.6,-956.4,-626.5,-284.4
1.2.840.113619.2.278.3.717616.260.1578649380.289_1.2.840.113619.2.278.3.717616.260.1578649380.294.3_standardized.nii.gz,-4048.0,2015.892822265625,0.0,0.217727,0.722966,0.815214,0.838978,0.0,0.0,0.0,0.0,-4048.0,-4048.0,-1994.3,-952.4,-632.9,-998.8,-994.5,-965.5,-580.1,-185.7
1.2.840.113619.2.278.3.717616.260.1578649380.289_1.2.840.113619.2.278.3.717616.260.1578649380.417.4198401_standardized.nii.gz,-4048.0,1950.3583984375,0.0,0.217782,0.70703,0.802043,0.823173,0.0,0.0,0.0,0.0,-4048.0,-4048.0,-1998.3,-943.9,-641.6,-998.5,-993.0,-961.4,-612.6,-184.9
1.2.840.113619.2.278.3.717616.260.1578649380.289_1.2.840.113619.2.278.3.717616.260.1578649380.417.4202498_standardized.nii.gz,-4048.0,2047.0,0.0,0.217723,0.720813,0.807368,0.826204,2.6e-05,2e-05,1.2e-05,0.0,-4048.0,-4048.0,-1995.1,-925.7,-622.6,-998.2,-991.6,-952.6,-588.8,-190.7
1.2.840.113619.2.278.3.717616.260.1578649381.693_1.2.840.113619.2.278.3.717616.260.1578649381.698.3_standardized.nii.gz,-4048.0,1241.2528076171875,0.0,0.217599,0.639434,0.804519,0.82932,1e-06,0.0,0.0,0.0,-4048.0,-4048.0,-1967.0,-951.1,-553.2,-998.8,-994.5,-965.3,-501.9,-45.7
1.2.840.113619.2.278.3.717616.260.1578649381.693_1.2.840.113619.2.278.3.717616.260.1578649381.790.4198401_standardized.nii.gz,-4048.0,1121.3331298828125,0.0,0.217581,0.636423,0.796419,0.81673,0.0,0.0,0.0,0.0,-4048.0,-4048.0,-1967.7,-934.3,-551.2,-998.2,-992.0,-956.9,-522.7,-52.5
1.2.840.113619.2.278.3.717616.260.1578649381.693_1.2.840.113619.2.278.3.717616.260.1578649381.790.4202498_standardized.nii.gz,-4048.0,1177.95068359375,0.0,0.217584,0.636507,0.795417,0.815042,0.0,0.0,0.0,0.0,-4048.0,-4048.0,-1967.0,-916.2,-547.2,-998.1,-991.4,-953.6,-522.3,-59.0
1.2.840.113619.2.278.3.717616.260.1578649386.487_1.2.840.113619.2.278.3.717616.260.1578649386.492.3_standardized.nii.gz,-4048.0,2047.0,0.0,0.217519,0.733761,0.842173,0.861977,2.2e-05,1.1e-05,2e-06,0.0,-4048.0,-4048.0,-1992.1,-960.0,-623.9,-998.8,-994.6,-967.3,-524.7,-109.5
1.2.840.113619.2.278.3.717616.260.1578649386.487_1.2.840.113619.2.278.3.717616.260.1578649386.582.4202498_standardized.nii.gz,-4048.0,2047.0,0.0,0.217588,0.730928,0.832084,0.845543,1.8e-05,9e-06,2e-06,0.0,-4048.0,-4048.0,-1992.2,-925.9,-614.3,-997.7,-989.4,-948.4,-548.0,-137.8
1.2.840.113619.2.278.3.717616.260.1578649386.487_1.2.840.113619.2.278.3.717616.260.1578649386.755.11_standardized.nii.gz,-4048.0,1952.8800048828125,0.0,0.217534,0.718383,0.821139,0.833844,4e-06,1e-06,0.0,0.0,-4048.0,-4048.0,-1993.5,-934.0,-608.0,-997.5,-988.5,-950.1,-558.6,-141.1
1.2.840.113619.2.278.3.717616.260.1578649416.931_1.2.840.113619.2.278.3.717616.260.1578649416.936.3_standardized.nii.gz,-4048.0,2047.0,0.0,0.217673,0.657252,0.777773,0.863428,1.7e-05,1.2e-05,6e-06,0.0,-4048.0,-4048.0,-1956.6,-967.5,-745.4,-999.5,-997.5,-974.9,-660.4,-286.3
1.2.840.113619.2.278.3.717616.260.1578649416.931_1.2.840.113619.2.278.3.717616.260.1578649417.37.4198401_standardized.nii.gz,-4048.0,2047.0,0.0,0.217652,0.6514,0.765361,0.844798,1.8e-05,1.2e-05,6e-06,0.0,-4048.0,-4048.0,-1956.8,-944.8,-713.4,-999.3,-996.4,-963.5,-678.3,-309.8
1.2.840.113619.2.278.3.717616.260.1578649416.931_1.2.840.113619.2.278.3.717616.260.1578649417.37.4202498_standardized.nii.gz,-4048.0,2047.0,0.0,0.217731,0.661858,0.771515,0.843107,2.6e-05,1.9e-05,1e-05,0.0,-4048.0,-4048.0,-1961.0,-933.7,-732.9,-999.3,-996.1,-959.3,-678.9,-288.9
1.2.840.113619.2.278.3.717616.260.1578649417.892_1.2.840.113619.2.278.3.717616.260.1578649417.897.3_standardized.nii.gz,-4048.0,2047.0,0.0,0.217596,0.668648,0.818995,0.852565,4e-06,2e-06,0.0,0.0,-4048.0,-4048.0,-1990.0,-958.9,-717.2,-999.2,-996.3,-970.4,-647.6,-235.2
1.2.840.113619.2.278.3.717616.260.1578649417.892_1.2.840.113619.2.278.3.717616.260.1578649417.998.4198401_standardized.nii.gz,-4048.0,2047.0,0.0,0.217598,0.668043,0.808149,0.833448,3e-06,1e-06,0.0,0.0,-4048.0,-4048.0,-1990.1,-926.1,-682.4,-998.7,-993.6,-955.1,-650.3,-276.3
1.2.840.113619.2.278.3.717616.260.1578649417.892_1.2.840.113619.2.278.3.717616.260.1578649417.998.4202498_standardized.nii.gz,-4048.0,2046.247314453125,0.0,0.217591,0.669295,0.806663,0.829922,5e-06,2e-06,0.0,0.0,-4048.0,-4048.0,-1990.5,-917.5,-696.3,-998.5,-992.8,-948.9,-660.4,-236.6
1.2.840.113619.2.278.3.717616.260.1578649418.868_1.2.840.113619.2.278.3.717616.260.1578649418.873.3_standardized.nii.gz,-4048.0,1988.072021484375,0.0,0.217625,0.658858,0.805234,0.871486,1e-06,0.0,0.0,0.0,-4048.0,-4048.0,-1977.7,-970.8,-789.6,-999.6,-997.8,-976.7,-707.5,-336.8
1.2.840.113619.2.278.3.717616.260.1578649418.868_1.2.840.113619.2.278.3.717616.260.1578649418.976.4202498_standardized.nii.gz,-4048.0,1919.9696044921875,0.0,0.217623,0.65852,0.789868,0.841083,0.0,0.0,0.0,0.0,-4048.0,-4048.0,-1976.0,-920.3,-770.0,-999.2,-996.1,-956.8,-729.9,-376.6
1.2.840.113619.2.278.3.717616.260.1578649418.868_1.2.840.113619.2.278.3.717616.260.1578649419.700.11_standardized.nii.gz,-4048.0,1746.30078125,0.0,0.217626,0.634196,0.76112,0.814741,7e-06,0.0,0.0,0.0,-4048.0,-4048.0,-1959.4,-930.1,-822.9,-999.1,-995.6,-951.7,-812.4,-552.5
1.2.840.113619.2.278.3.717616.286.1587944966.46_1.2.840.113619.2.278.3.717616.286.1587944966.152.4198401_standardized.nii.gz,-4048.0,1290.326416015625,0.0,0.217583,0.697416,0.829248,0.859168,1e-06,0.0,0.0,0.0,-4048.0,-4048.0,-1988.5,-955.8,-701.6,-999.1,-995.8,-968.6,-659.1,-264.4
1.2.840.113619.2.278.3.717616.286.1587944966.46_1.2.840.113619.2.278.3.717616.286.1587944966.152.4202498_standardized.nii.gz,-4048.0,1299.9830322265625,0.0,0.217586,0.69993,0.827211,0.854595,1e-06,0.0,0.0,0.0,-4048.0,-4048.0,-1990.7,-927.4,-753.6,-999.0,-995.1,-955.0,-686.2,-246.5
1.2.840.113619.2.278.3.717616.286.1587944966.46_1.2.840.113619.2.278.3.717616.286.1587944966.51.3_standardized.nii.gz,-4048.0,1378.2415771484375,0.0,0.217587,0.704938,0.838704,0.872401,1e-06,0.0,0.0,0.0,-4048.0,-4048.0,-1989.9,-969.9,-761.4,-999.3,-996.8,-975.5,-662.7,-235.7
1.2.840.113619.2.278.3.717616.286.1587944966.506_1.2.840.113619.2.278.3.717616.286.1587944966.511.3_standardized.nii.gz,-4048.0,2047.0,0.0,0.217571,0.733611,0.826885,0.859801,1.7e-05,8e-06,1e-06,0.0,-4048.0,-4048.0,-1995.7,-964.9,-772.8,-999.2,-996.3,-971.7,-691.1,-228.9
1.2.840.113619.2.278.3.717616.286.1587944966.506_1.2.840.113619.2.278.3.717616.286.1587944966.605.4198401_standardized.nii.gz,-4048.0,2047.0,0.0,0.217639,0.729596,0.814057,0.840338,1.2e-05,4e-06,0.0,0.0,-4048.0,-4048.0,-1995.3,-944.0,-723.2,-998.9,-994.7,-960.4,-690.5,-278.3
1.2.840.113619.2.278.3.717616.286.1587944966.506_1.2.840.113619.2.278.3.717616.286.1587944966.605.4202498_standardized.nii.gz,-4048.0,2047.0,0.0,0.217593,0.726401,0.809535,0.833346,5e-06,2e-06,0.0,0.0,-4048.0,-4048.0,-1998.3,-930.9,-764.5,-998.8,-994.1,-954.6,-723.5,-273.2
1.2.840.113619.2.278.3.717616.286.1587944967.557_1.2.840.113619.2.278.3.717616.286.1587944967.562.3_standardized.nii.gz,-4048.0,937.2793579101562,0.0,0.217632,0.66289,0.826034,0.847945,0.0,0.0,0.0,0.0,-4048.0,-4048.0,-1992.9,-955.2,-762.2,-998.8,-994.5,-965.3,-706.4,-347.1
1.2.840.113619.2.278.3.717616.286.1587944967.557_1.2.840.113619.2.278.3.717616.286.1587944967.658.4198401_standardized.nii.gz,-4048.0,958.2463989257812,0.0,0.217639,0.660992,0.822464,0.840054,0.0,0.0,0.0,0.0,-4048.0,-4048.0,-1995.4,-946.2,-752.3,-998.3,-992.0,-959.0,-710.4,-363.2
1.2.840.113619.2.278.3.717616.286.1587944967.557_1.2.840.113619.2.278.3.717616.286.1587944967.658.4202498_standardized.nii.gz,-4048.0,852.2322998046875,0.0,0.217638,0.660767,0.820614,0.837197,0.0,0.0,0.0,0.0,-4048.0,-4048.0,-1994.3,-934.3,-755.9,-998.0,-990.9,-953.5,-715.2,-366.9
1.2.840.113619.2.278.3.717616.286.1587944968.878_1.2.840.113619.2.278.3.717616.286.1587944968.883.3_standardized.nii.gz,-4048.0,1094.56005859375,0.0,0.217616,0.609228,0.865046,0.892382,0.0,0.0,0.0,0.0,-4048.0,-4048.0,-1955.4,-975.3,-833.7,-999.4,-997.1,-977.0,-719.4,-364.4
1.2.840.113619.2.278.3.717616.286.1587944968.878_1.2.840.113619.2.278.3.717616.286.1587944968.981.4198401_standardized.nii.gz,-4048.0,1223.476806640625,0.0,0.21946,0.609102,0.859165,0.880368,0.0,0.0,0.0,0.0,-4048.0,-4048.0,-1956.2,-961.3,-779.0,-999.0,-995.2,-966.9,-710.9,-368.9
1.2.840.113619.2.278.3.717616.286.1587944968.878_1.2.840.113619.2.278.3.717616.286.1587944968.981.4202498_standardized.nii.gz,-4048.0,1206.47998046875,0.0,0.219449,0.611816,0.858399,0.878147,0.0,0.0,0.0,0.0,-4048.0,-4048.0,-1956.9,-947.3,-825.3,-998.8,-994.4,-956.2,-734.5,-372.3
1.2.840.113619.2.278.3.717616.286.1587944973.161_1.2.840.113619.2.278.3.717616.286.1587944973.166.3_standardized.nii.gz,-4048.0,1470.2239990234375,0.0,0.217652,0.75457,0.839558,0.86516,2e-06,0.0,0.0,0.0,-4048.0,-4048.0,-1997.3,-962.9,-712.1,-999.1,-995.8,-970.2,-625.2,-243.6
1.2.840.113619.2.278.3.717616.286.1587944973.161_1.2.840.113619.2.278.3.717616.286.1587944973.290.4198401_standardized.nii.gz,-4048.0,1510.416015625,0.0,0.21764,0.746397,0.829982,0.850418,1e-06,0.0,0.0,0.0,-4048.0,-4048.0,-2002.6,-948.6,-708.7,-998.6,-993.5,-961.3,-656.3,-272.6
1.2.840.113619.2.278.3.717616.286.1587944973.161_1.2.840.113619.2.278.3.717616.286.1587944973.290.4202498_standardized.nii.gz,-4048.0,1897.156494140625,0.0,0.217638,0.753022,0.831781,0.850249,1e-06,0.0,0.0,0.0,-4048.0,-4048.0,-1997.9,-929.9,-703.4,-998.4,-992.7,-955.0,-640.5,-266.7
1.2.840.113619.2.278.3.717616.286.1587944975.372_1.2.840.113619.2.278.3.717616.286.1587944975.377.3_standardized.nii.gz,-4048.0,1306.5423583984375,0.0,0.227648,0.700228,0.840685,0.873284,1e-06,0.0,0.0,0.0,-4048.0,-4048.0,-1994.4,-961.1,-626.5,-999.3,-996.5,-969.9,-506.5,-105.3
1.2.840.113619.2.278.3.717616.286.1587944975.372_1.2.840.113619.2.278.3.717616.286.1587944975.500.4198401_standardized.nii.gz,-4048.0,1625.2320556640625,0.0,0.217585,0.682465,0.828881,0.858527,1e-06,0.0,0.0,0.0,-4048.0,-4048.0,-1991.6,-936.8,-637.0,-999.0,-995.3,-959.2,-548.1,-131.2
1.2.840.113619.2.278.3.717616.286.1587944975.372_1.2.840.113619.2.278.3.717616.286.1587944975.500.4202498_standardized.nii.gz,-4048.0,1592.573486328125,0.0,0.217541,0.69963,0.83163,0.858248,1e-06,0.0,0.0,0.0,-4048.0,-4048.0,-1996.1,-921.6,-617.5,-998.9,-994.7,-946.9,-529.2,-128.6
1.2.840.113619.2.278.3.717616.286.1587944978.330_1.2.840.113619.2.278.3.717616.286.1587944978.335.3_standardized.nii.gz,-4048.0,2047.0,0.0,0.215616,0.70291,0.827958,0.849841,9e-06,6e-06,4e-06,0.0,-4048.0,-4048.0,-2004.1,-958.1,-674.6,-998.8,-994.5,-967.4,-602.0,-165.2
1.2.840.113619.2.278.3.717616.286.1587944978.330_1.2.840.113619.2.278.3.717616.286.1587944978.417.4198401_standardized.nii.gz,-4048.0,2047.0,0.0,0.217653,0.763437,0.859289,0.87197,1.2e-05,6e-06,3e-06,0.0,-4048.0,-4048.0,-2009.8,-946.6,-707.0,-997.7,-989.8,-954.2,-611.0,-201.5
1.2.840.113619.2.278.3.717616.286.1587944978.330_1.2.840.113619.2.278.3.717616.286.1587944978.417.4202498_standardized.nii.gz,-4048.0,2047.0,0.0,0.217652,0.757994,0.852934,0.865194,1.1e-05,6e-06,3e-06,0.0,-4048.0,-4048.0,-2008.7,-926.0,-711.2,-997.4,-988.3,-944.1,-617.4,-209.1
1.2.840.113619.2.278.3.717616.286.1587944978.649_1.2.840.113619.2.278.3.717616.286.1587944978.654.3_standardized.nii.gz,-4048.0,913.8873901367188,0.0,0.217633,0.639873,0.81559,0.847256,0.0,0.0,0.0,0.0,-4048.0,-4048.0,-1962.2,-963.4,-671.6,-999.2,-996.1,-972.8,-593.0,-146.4
1.2.840.113619.2.278.3.717616.286.1587944978.649_1.2.840.113619.2.278.3.717616.286.1587944978.742.4198401_standardized.nii.gz,-4048.0,1096.852783203125,0.0,0.217596,0.638532,0.808873,0.836044,0.0,0.0,0.0,0.0,-4048.0,-4048.0,-1962.3,-952.6,-671.0,-998.9,-994.8,-966.7,-614.0,-142.7
1.2.840.113619.2.278.3.717616.286.1587944978.649_1.2.840.113619.2.278.3.717616.286.1587944978.742.4202498_standardized.nii.gz,-4048.0,1089.29443359375,0.0,0.217591,0.641217,0.807629,0.832767,0.0,0.0,0.0,0.0,-4048.0,-4048.0,-1962.9,-936.1,-676.4,-998.8,-994.2,-959.9,-622.1,-132.8
1.2.840.113619.2.278.3.717616.286.1587944978.934_1.2.840.113619.2.278.3.717616.286.1587944978.939.3_standardized.nii.gz,-4048.0,980.0509643554688,0.0,0.214428,0.665524,0.820262,0.845608,0.0,0.0,0.0,0.0,-4048.0,-4048.0,-1977.8,-959.7,-717.5,-999.0,-995.2,-969.1,-653.2,-251.5
1.2.840.113619.2.278.3.717616.286.1587944978.934_1.2.840.113619.2.278.3.717616.286.1587944979.30.4198401_standardized.nii.gz,-4048.0,881.8112182617188,0.0,0.217645,0.675311,0.820571,0.840549,0.0,0.0,0.0,0.0,-4048.0,-4048.0,-1985.6,-948.2,-693.0,-998.4,-992.6,-961.2,-655.6,-265.9
1.2.840.113619.2.278.3.717616.286.1587944978.934_1.2.840.113619.2.278.3.717616.286.1587944979.30.4202498_standardized.nii.gz,-4048.0,902.6287841796875,0.0,0.217647,0.675963,0.818866,0.837267,0.0,0.0,0.0,0.0,-4048.0,-4048.0,-1985.2,-932.8,-714.5,-998.2,-991.3,-953.2,-664.0,-268.3
1.2.840.113619.2.278.3.717616.286.1587944983.828_1.2.840.113619.2.278.3.717616.286.1587944983.833.3_standardized.nii.gz,-4048.0,2047.0,0.0,0.21763,0.778094,0.857242,0.876253,4.5e-05,2.7e-05,3e-06,0.0,-4048.0,-4048.0,-2004.7,-963.3,-783.3,-998.9,-994.8,-968.5,-674.4,-266.2
1.2.840.113619.2.278.3.717616.286.1587944983.828_1.2.840.113619.2.278.3.717616.286.1587944983.915.4198401_standardized.nii.gz,-4048.0,2047.0,0.0,0.217645,0.777847,0.852506,0.868024,4.7e-05,2.7e-05,3e-06,0.0,-4048.0,-4048.0,-2004.9,-947.4,-733.4,-998.3,-992.4,-958.1,-659.8,-302.2
1.2.840.113619.2.278.3.717616.286.1587944983.828_1.2.840.113619.2.278.3.717616.286.1587944983.915.4202498_standardized.nii.gz,-4048.0,2047.0,0.0,0.217646,0.778594,0.850745,0.864923,4.2e-05,2.5e-05,4e-06,0.0,-4048.0,-4048.0,-2005.0,-934.7,-771.9,-998.1,-991.0,-952.0,-685.7,-310.5
1.2.840.113619.2.278.3.717616.286.1587944984.611_1.2.840.113619.2.278.3.717616.286.1587944984.616.3_standardized.nii.gz,-4048.0,1238.3116455078125,0.0,0.217618,0.794384,0.869483,0.887072,1e-06,0.0,0.0,0.0,-4048.0,-4048.0,-2010.2,-966.8,-828.4,-999.0,-995.3,-969.8,-731.9,-421.2
1.2.840.113619.2.278.3.717616.286.1587944984.611_1.2.840.113619.2.278.3.717616.286.1587944984.696.4198401_standardized.nii.gz,-4048.0,1682.4588623046875,0.0,0.217621,0.797382,0.866217,0.879721,1e-06,0.0,0.0,0.0,-4048.0,-4048.0,-2010.1,-954.0,-790.6,-998.4,-992.5,-959.3,-732.6,-458.9
1.2.840.113619.2.278.3.717616.286.1587944984.611_1.2.840.113619.2.278.3.717616.286.1587944984.696.4202498_standardized.nii.gz,-4048.0,1682.489013671875,0.0,0.217621,0.797637,0.865017,0.877111,1e-06,0.0,0.0,0.0,-4048.0,-4048.0,-2009.9,-938.8,-816.9,-998.1,-991.1,-950.3,-737.8,-448.7
1.2.840.113619.2.278.3.717616.286.1593493247.138_1.2.840.113619.2.278.3.717616.286.1593493247.143.3_standardized.nii.gz,-4048.0,2009.7359619140625,0.0,0.217611,0.655653,0.83346,0.86537,5e-06,1e-06,0.0,0.0,-4048.0,-4048.0,-1967.1,-960.7,-737.0,-999.2,-996.2,-969.5,-667.8,-382.0
1.2.840.113619.2.278.3.717616.286.1593493247.138_1.2.840.113619.2.278.3.717616.286.1593493247.251.4198401_standardized.nii.gz,-4048.0,2047.0,0.0,0.217615,0.655654,0.824196,0.848993,5e-06,1e-06,0.0,0.0,-4048.0,-4048.0,-1967.9,-925.1,-719.1,-998.7,-993.9,-951.4,-676.0,-402.4
1.2.840.113619.2.278.3.717616.286.1593493247.138_1.2.840.113619.2.278.3.717616.286.1593493247.251.4202498_standardized.nii.gz,-4048.0,2047.0,0.0,0.217598,0.656529,0.82433,0.848994,5e-06,1e-06,0.0,0.0,-4048.0,-4048.0,-1967.2,-923.5,-723.3,-998.7,-993.9,-950.1,-676.1,-403.4
1.2.840.113619.2.278.3.717616.286.1593493249.833_1.2.840.113619.2.278.3.717616.286.1593493249.838.3_standardized.nii.gz,-4048.0,2047.0,0.0,0.217665,0.721141,0.790724,0.819371,1.4e-05,1e-05,5e-06,0.0,-4048.0,-4048.0,-1971.9,-952.3,-581.3,-999.0,-995.2,-968.0,-552.9,-142.2
1.2.840.113619.2.278.3.717616.286.1593493249.833_1.2.840.113619.2.278.3.717616.286.1593493249.959.4198401_standardized.nii.gz,-4048.0,2047.0,0.0,0.217776,0.71246,0.781157,0.805895,2e-05,1.5e-05,8e-06,0.0,-4048.0,-4048.0,-1976.2,-940.3,-610.0,-998.6,-993.5,-963.4,-602.1,-171.4
1.2.840.113619.2.278.3.717616.286.1593493249.833_1.2.840.113619.2.278.3.717616.286.1593493249.959.4202498_standardized.nii.gz,-4048.0,2047.0,0.0,0.217678,0.718744,0.779147,0.801243,1.4e-05,1e-05,4e-06,0.0,-4048.0,-4048.0,-1970.7,-926.0,-573.0,-998.3,-992.2,-956.6,-571.3,-156.1
1.2.840.113619.2.278.3.717616.286.1593493262.858_1.2.840.113619.2.278.3.717616.286.1593493262.863.3_standardized.nii.gz,-4048.0,2047.0,0.0,0.21772,0.65772,0.809404,0.83964,1.9e-05,1.3e-05,6e-06,0.0,-4048.0,-4048.0,-1976.7,-959.4,-718.4,-999.1,-995.8,-969.5,-659.2,-195.6
1.2.840.113619.2.278.3.717616.286.1593493262.858_1.2.840.113619.2.278.3.717616.286.1593493262.956.4198401_standardized.nii.gz,-4048.0,2047.0,0.0,0.217746,0.661263,0.805466,0.829991,1.8e-05,1.4e-05,7e-06,0.0,-4048.0,-4048.0,-1980.1,-948.8,-701.4,-998.7,-994.0,-963.5,-668.4,-212.1
1.2.840.113619.2.278.3.717616.286.1593493262.858_1.2.840.113619.2.278.3.717616.286.1593493262.956.4202498_standardized.nii.gz,-4048.0,2047.0,0.0,0.217754,0.664514,0.805014,0.82794,1.9e-05,1.5e-05,8e-06,0.0,-4048.0,-4048.0,-1983.5,-930.0,-710.2,-998.6,-993.3,-958.8,-670.4,-212.7
1.2.840.113619.2.278.3.717616.286.1593493267.487_1.2.840.113619.2.278.3.717616.286.1593493267.492.3_standardized.nii.gz,-4048.0,1793.008056640625,0.0,0.217593,0.721309,0.87532,0.897527,2e-06,0.0,0.0,0.0,-4048.0,-4048.0,-2000.6,-968.7,-821.9,-999.2,-996.0,-969.4,-701.5,-375.1
1.2.840.113619.2.278.3.717616.286.1593493267.487_1.2.840.113619.2.278.3.717616.286.1593493267.603.4198401_standardized.nii.gz,-4048.0,1455.12353515625,0.0,0.217608,0.71434,0.863764,0.88132,2e-06,0.0,0.0,0.0,-4048.0,-4048.0,-2001.2,-948.3,-777.4,-998.7,-993.7,-955.9,-691.4,-393.0
1.2.840.113619.2.278.3.717616.286.1593493267.487_1.2.840.113619.2.278.3.717616.286.1593493267.603.4202498_standardized.nii.gz,-4048.0,1906.6966552734375,0.0,0.217601,0.720525,0.867348,0.883828,4e-06,0.0,0.0,0.0,-4048.0,-4048.0,-2001.1,-942.1,-805.2,-998.6,-993.3,-952.4,-712.0,-391.8
1.2.840.113619.2.278.3.717616.286.1593493269.25_1.2.840.113619.2.278.3.717616.286.1593493269.109.4198401_standardized.nii.gz,-4048.0,2028.66015625,0.0,0.217584,0.703725,0.866292,0.886245,3e-06,0.0,0.0,0.0,-4048.0,-4048.0,-2005.2,-958.4,-775.5,-998.9,-994.6,-962.4,-682.7,-318.4
1.2.840.113619.2.278.3.717616.286.1593493269.25_1.2.840.113619.2.278.3.717616.286.1593493269.109.4202498_standardized.nii.gz,-4048.0,1995.5989990234375,0.0,0.217581,0.702159,0.861026,0.878961,2e-06,0.0,0.0,0.0,-4048.0,-4048.0,-2005.0,-939.6,-786.7,-998.6,-993.3,-951.2,-687.5,-321.3
1.2.840.113619.2.278.3.717616.286.1593493269.25_1.2.840.113619.2.278.3.717616.286.1593493269.30.3_standardized.nii.gz,-4048.0,2033.3065185546875,0.0,0.217605,0.705417,0.871333,0.895667,2e-06,0.0,0.0,0.0,-4048.0,-4048.0,-2003.7,-970.3,-807.4,-999.2,-996.3,-971.5,-667.0,-297.8
