study_id,series_id,phase,status,nc_n_kabsch_organs,mov_n_kabsch_organs,common_kabsch_organs,common_bone_organs,common_anchor_organs,nc_det,mov_det,det_sign_match,z_offset_mean_mm,z_offset_std_mm,xy_mean_mm,xy_max_mm,mean_centroid_3d,seg_path,flags
1.2.392.200036.9116.2.5.1.37.2418751871.1432695579.168588,1.2.392.200036.9116.2.5.1.37.2418751871.1432696054.719704,Arterial,BAD,12.0,12.0,12.0,4.0,4.0,1.0,1.0,True,-2.2,5.5,52.8,53.4,52.7,,LARGE_XY_RESIDUAL=52.8mm | LARGE_CENTROID_DIST: liver=53.7mm | spleen=54.2mm | kidney_L=53.6mm | kidney_R=51.1mm | pancreas=50.9mm | gallbladder=50.5mm | aorta=53.4mm | IVC=56.2mm | L1=51.8mm | L2=52.4mm | L3=53.1mm | spinal_cord=51.6mm
1.2.392.200036.9116.2.5.1.37.2418751871.1432695579.168588,1.2.392.200036.9116.2.5.1.37.2418751871.1432696175.178596,Venous,BAD,12.0,12.0,12.0,4.0,4.0,1.0,1.0,True,1.9,3.6,20.4,21.8,23.2,,LARGE_CENTROID_DIST: liver=21.5mm | spleen=20.6mm | kidney_L=21.9mm | kidney_R=19.1mm | pancreas=18.8mm | gallbladder=20.6mm | aorta=35.4mm | IVC=31.7mm | L1=21.3mm | L2=21.5mm | L3=22.0mm | spinal_cord=24.4mm
1.2.392.200036.9116.2.5.1.37.2418751871.1497923284.55315,1.2.392.200036.9116.2.5.1.37.2418751871.1497923642.326997,Arterial,BAD,12.0,12.0,12.0,4.0,4.0,1.0,1.0,True,-0.1,1.0,60.0,61.1,60.0,,LARGE_XY_RESIDUAL=60.0mm | LARGE_CENTROID_DIST: liver=61.1mm | spleen=59.6mm | kidney_L=59.9mm | kidney_R=59.4mm | pancreas=58.9mm | gallbladder=60.3mm | aorta=60.2mm | IVC=61.5mm | L1=59.7mm | L2=59.7mm | L3=59.7mm | spinal_cord=60.0mm
1.2.392.200036.9116.2.5.1.37.2418751871.1497923284.55315,1.2.392.200036.9116.2.5.1.37.2418751871.1497923800.35888,Venous,BAD,12.0,12.0,12.0,4.0,4.0,1.0,1.0,True,-0.1,2.0,55.5,56.2,55.8,,LARGE_XY_RESIDUAL=55.5mm | LARGE_CENTROID_DIST: liver=56.2mm | spleen=54.2mm | kidney_L=55.5mm | kidney_R=56.4mm | pancreas=53.6mm | gallbladder=55.9mm | aorta=56.5mm | IVC=57.7mm | L1=56.0mm | L2=55.8mm | L3=55.8mm | spinal_cord=56.1mm
1.2.392.200036.9116.2.5.1.37.2418751871.1522984884.757455,1.2.392.200036.9116.2.5.1.37.2418751871.1522985252.600093,Arterial,BAD,12.0,12.0,12.0,4.0,4.0,1.0,1.0,True,-1.9,0.7,7.1,8.8,8.2,,LARGE_CENTROID_DIST: IVC=18.1mm
1.2.392.200036.9116.2.5.1.37.2418751871.1522984884.757455,1.2.392.200036.9116.2.5.1.37.2418751871.1522985393.543093,Venous,OK,12.0,12.0,12.0,4.0,4.0,1.0,1.0,True,1.5,1.1,2.7,4.5,3.6,,
1.2.392.200036.9116.2.5.1.37.2418751871.1523338564.321791,1.2.392.200036.9116.2.5.1.37.2418751871.1523338966.131299,Arterial,OK,12.0,12.0,12.0,4.0,4.0,1.0,1.0,True,-0.6,0.8,10.7,11.4,10.2,,
1.2.392.200036.9116.2.5.1.37.2418751871.1523338564.321791,1.2.392.200036.9116.2.5.1.37.2418751871.1523339073.436725,Venous,BAD,12.0,12.0,12.0,4.0,4.0,1.0,1.0,True,4.9,1.2,98.9,100.9,99.1,,LARGE_XY_RESIDUAL=98.9mm | LARGE_CENTROID_DIST: liver=97.1mm | spleen=97.0mm | kidney_L=100.8mm | kidney_R=101.1mm | pancreas=97.2mm | gallbladder=98.2mm | aorta=95.8mm | IVC=100.3mm | L1=99.6mm | L2=100.8mm | L3=101.5mm | spinal_cord=99.3mm
1.2.392.200036.9116.2.5.1.37.2418751871.1526972837.526920,1.2.392.200036.9116.2.5.1.37.2418751871.1526973181.155618,Arterial,BAD,12.0,12.0,12.0,4.0,4.0,1.0,1.0,True,-6.7,1.3,38.6,39.3,40.4,,LARGE_CENTROID_DIST: liver=37.9mm | spleen=39.4mm | kidney_L=39.2mm | kidney_R=40.2mm | pancreas=46.9mm | gallbladder=40.7mm | aorta=43.8mm | IVC=41.6mm | L1=38.9mm | L2=38.1mm | L3=39.4mm | spinal_cord=39.2mm
1.2.392.200036.9116.2.5.1.37.2418751871.1526972837.526920,1.2.392.200036.9116.2.5.1.37.2418751871.1526973364.470863,Venous,BAD,12.0,12.0,12.0,4.0,4.0,1.0,1.0,True,3.1,1.3,26.5,30.6,25.0,,LARGE_CENTROID_DIST: liver=25.7mm | spleen=30.9mm | kidney_L=23.3mm | kidney_R=26.9mm | pancreas=26.5mm | gallbladder=26.3mm | aorta=31.4mm | IVC=26.2mm | L1=25.9mm | L3=24.8mm | spinal_cord=25.1mm
1.2.392.200036.9116.2.5.1.37.2418751871.1528603299.120286,1.2.392.200036.9116.2.5.1.37.2418751871.1528603931.876306,Arterial,BAD,12.0,12.0,12.0,4.0,4.0,1.0,1.0,True,-5.0,7.5,2.0,3.2,5.7,,LARGE_CENTROID_DIST: spleen=18.2mm | IVC=23.7mm
1.2.392.200036.9116.2.5.1.37.2418751871.1528603299.120286,1.2.392.200036.9116.2.5.1.37.2418751871.1528604098.511943,Venous,BAD,12.0,11.0,11.0,4.0,4.0,1.0,1.0,True,0.5,5.6,2.1,3.8,8.1,,LARGE_CENTROID_DIST: aorta=20.4mm | IVC=23.5mm
1.2.392.200036.9116.2.5.1.37.2418751871.1530156734.608221,1.2.392.200036.9116.2.5.1.37.2418751871.1530157223.83065,Arterial,BAD,12.0,12.0,12.0,4.0,4.0,1.0,1.0,True,-3.7,0.9,17.3,18.3,18.4,,LARGE_CENTROID_DIST: liver=18.0mm | spleen=17.3mm | kidney_L=18.7mm | kidney_R=16.9mm | pancreas=20.6mm | gallbladder=21.8mm | aorta=17.8mm | IVC=17.4mm | L1=18.1mm | L2=18.4mm | L3=18.6mm | spinal_cord=17.5mm
1.2.392.200036.9116.2.5.1.37.2418751871.1530156734.608221,1.2.392.200036.9116.2.5.1.37.2418751871.1530157360.405851,Venous,OK,12.0,12.0,12.0,4.0,4.0,1.0,1.0,True,-2.2,1.4,5.6,6.7,5.6,,
1.2.392.200036.9116.2.5.1.37.2418751871.1530156734.608221,1.2.392.200036.9116.2.5.1.37.2418751873.1530149367.226128,Arterial,file_missing,,,,,,,,,,,,,,../ncct_cect/vindr_ds/fixed_aligned_rigid_registered/1.2.392.200036.9116.2.5.1.37.2418751871.1530156734.608221/1.2.392.200036.9116.2.5.1.37.2418751871.1530156734.608221_1.2.392.200036.9116.2.5.1.37.2418751873.1530149367.226128_rigid0_seg_reg.nii.gz,
1.2.392.200036.9116.2.5.1.37.2418751871.1533522625.630037,1.2.392.200036.9116.2.5.1.37.2418751871.1533523026.835373,Arterial,OK,12.0,12.0,12.0,4.0,4.0,1.0,1.0,True,-9.0,2.2,2.5,4.8,7.8,,
1.2.392.200036.9116.2.5.1.37.2418751871.1533522625.630037,1.2.392.200036.9116.2.5.1.37.2418751871.1533523167.636483,Venous,BAD,12.0,12.0,12.0,4.0,4.0,1.0,1.0,True,-14.6,2.8,9.5,14.9,12.4,,LARGE_CENTROID_DIST: liver=19.9mm | spleen=23.1mm | kidney_L=16.1mm | gallbladder=22.3mm
1.2.392.200036.9116.2.5.1.37.2418751871.1542254308.519780,1.2.392.200036.9116.2.5.1.37.2418751871.1542254802.642132,Arterial,OK,12.0,12.0,12.0,4.0,4.0,1.0,1.0,True,-1.9,1.4,5.0,7.4,7.1,,
1.2.392.200036.9116.2.5.1.37.2418751871.1542254308.519780,1.2.392.200036.9116.2.5.1.37.2418751871.1542254914.500427,Venous,BAD,12.0,12.0,12.0,4.0,4.0,1.0,1.0,True,4.4,1.7,19.1,21.2,18.4,,LARGE_CENTROID_DIST: liver=17.7mm | spleen=19.6mm | kidney_L=19.1mm | kidney_R=22.4mm | pancreas=18.7mm | gallbladder=19.4mm | aorta=17.2mm | IVC=20.4mm | L1=19.3mm | L3=16.2mm | spinal_cord=16.3mm
1.2.392.200036.9116.2.5.1.37.2418751871.1573179664.62772,1.2.392.200036.9116.2.5.1.37.2418751871.1573180018.314101,Arterial,BAD,12.0,12.0,12.0,4.0,4.0,1.0,1.0,True,0.8,0.6,24.5,25.1,24.1,,LARGE_CENTROID_DIST: liver=25.1mm | spleen=25.2mm | kidney_L=24.7mm | kidney_R=23.2mm | pancreas=22.3mm | gallbladder=24.8mm | aorta=24.0mm | IVC=25.3mm | L1=23.8mm | L2=23.7mm | L3=23.6mm | spinal_cord=23.8mm
1.2.392.200036.9116.2.5.1.37.2418751871.1573179664.62772,1.2.392.200036.9116.2.5.1.37.2418751871.1573180153.428703,Venous,BAD,12.0,12.0,12.0,4.0,4.0,1.0,1.0,True,-0.2,0.5,20.0,20.5,19.7,,LARGE_CENTROID_DIST: liver=19.9mm | spleen=20.5mm | kidney_L=20.0mm | kidney_R=19.4mm | pancreas=20.5mm | gallbladder=18.1mm | aorta=19.3mm | IVC=19.4mm | L1=19.8mm | L2=19.9mm | L3=19.8mm | spinal_cord=20.0mm
1.2.392.200036.9116.2.5.1.37.2418751871.1573181976.738010,1.2.392.200036.9116.2.5.1.37.2418751871.1573182356.274039,Arterial,BAD,11.0,11.0,11.0,4.0,4.0,1.0,1.0,True,0.0,0.7,13.7,14.7,14.8,,LARGE_CENTROID_DIST: pancreas=15.2mm | L1=16.0mm | L2=19.0mm
1.2.392.200036.9116.2.5.1.37.2418751871.1573181976.738010,1.2.392.200036.9116.2.5.1.37.2418751871.1573182495.4289,Venous,BAD,11.0,11.0,11.0,4.0,4.0,1.0,1.0,True,0.6,0.5,21.3,22.6,22.7,,LARGE_CENTROID_DIST: liver=20.2mm | spleen=22.6mm | kidney_L=21.5mm | kidney_R=20.7mm | pancreas=22.7mm | aorta=23.1mm | IVC=22.3mm | L1=19.1mm | L2=35.3mm | L3=20.8mm | spinal_cord=21.3mm
1.2.392.200036.9116.2.5.1.37.2418751871.1573442981.375377,1.2.392.200036.9116.2.5.1.37.2418751871.1573443357.791448,Arterial,BAD,12.0,10.0,10.0,4.0,2.0,1.0,1.0,True,0.3,2.0,189.4,191.4,184.6,,LARGE_XY_RESIDUAL=189.4mm | LARGE_CENTROID_DIST: liver=187.4mm | kidney_R=191.4mm | pancreas=166.1mm | gallbladder=191.5mm | aorta=183.3mm | IVC=190.8mm | L1=184.6mm | L2=181.7mm | L3=177.9mm | spinal_cord=191.1mm
1.2.392.200036.9116.2.5.1.37.2418751871.1573442981.375377,1.2.392.200036.9116.2.5.1.37.2418751871.1573443505.688591,Venous,BAD,12.0,10.0,10.0,4.0,2.0,1.0,1.0,True,1.1,1.6,192.4,194.7,188.0,,LARGE_XY_RESIDUAL=192.4mm | LARGE_CENTROID_DIST: liver=190.2mm | kidney_R=194.7mm | pancreas=170.1mm | gallbladder=196.6mm | aorta=185.7mm | IVC=196.2mm | L1=186.5mm | L2=183.1mm | L3=179.3mm | spinal_cord=197.9mm
1.2.392.200036.9116.2.5.1.37.2418751871.1573604712.598232,1.2.392.200036.9116.2.5.1.37.2418751871.1573605068.552570,Arterial,BAD,12.0,12.0,12.0,4.0,4.0,1.0,1.0,True,-0.5,0.7,32.8,32.9,32.5,,LARGE_CENTROID_DIST: liver=32.7mm | spleen=32.9mm | kidney_L=32.8mm | kidney_R=32.8mm | pancreas=30.5mm | gallbladder=31.0mm | aorta=34.1mm | IVC=32.8mm | L1=32.9mm | L2=32.5mm | L3=32.2mm | spinal_cord=32.7mm
1.2.392.200036.9116.2.5.1.37.2418751871.1573604712.598232,1.2.392.200036.9116.2.5.1.37.2418751871.1573605184.67969,Venous,BAD,12.0,12.0,12.0,4.0,4.0,1.0,1.0,True,0.2,1.5,41.2,42.2,40.6,,LARGE_XY_RESIDUAL=41.2mm | LARGE_CENTROID_DIST: liver=40.2mm | spleen=42.2mm | kidney_L=41.0mm | kidney_R=41.3mm | pancreas=39.0mm | gallbladder=38.0mm | aorta=40.9mm | IVC=40.7mm | L1=41.0mm | L2=40.6mm | L3=41.1mm | spinal_cord=41.3mm
1.2.392.200036.9116.2.5.1.37.2418751871.1573609663.550134,1.2.392.200036.9116.2.5.1.37.2418751871.1573610053.733799,Arterial,BAD,12.0,12.0,12.0,4.0,4.0,1.0,1.0,True,6.7,2.3,92.1,94.9,90.2,,LARGE_XY_RESIDUAL=92.1mm | LARGE_CENTROID_DIST: liver=95.1mm | spleen=92.8mm | kidney_L=93.8mm | kidney_R=87.8mm | pancreas=92.7mm | gallbladder=97.4mm | aorta=86.0mm | IVC=89.2mm | L1=85.6mm | L2=86.6mm | L3=87.9mm | spinal_cord=86.9mm
1.2.392.200036.9116.2.5.1.37.2418751871.1573609663.550134,1.2.392.200036.9116.2.5.1.37.2418751871.1573610197.815054,Venous,BAD,12.0,12.0,12.0,4.0,4.0,1.0,1.0,True,1.5,1.5,14.5,16.1,14.1,,LARGE_CENTROID_DIST: spleen=16.5mm | kidney_R=15.1mm
1.2.392.200036.9116.2.5.1.37.2418751871.1573613878.909734,1.2.392.200036.9116.2.5.1.37.2418751871.1573614240.347822,Arterial,OK,12.0,12.0,12.0,4.0,4.0,1.0,1.0,True,-2.0,0.2,9.6,11.4,10.5,,
1.2.392.200036.9116.2.5.1.37.2418751871.1573613878.909734,1.2.392.200036.9116.2.5.1.37.2418751871.1573614374.759012,Venous,OK,12.0,12.0,12.0,4.0,4.0,1.0,1.0,True,-1.7,0.7,12.1,13.7,12.4,,
1.2.392.200036.9116.2.5.1.37.2418751871.1573700569.639395,1.2.392.200036.9116.2.5.1.37.2418751871.1573700973.624800,Arterial,OK,12.0,12.0,12.0,4.0,4.0,1.0,1.0,True,-0.9,0.7,5.6,6.1,6.3,,
1.2.392.200036.9116.2.5.1.37.2418751871.1573700569.639395,1.2.392.200036.9116.2.5.1.37.2418751871.1573701085.530197,Venous,BAD,12.0,12.0,12.0,4.0,4.0,1.0,1.0,True,0.7,0.5,21.1,21.5,21.2,,LARGE_CENTROID_DIST: liver=20.8mm | spleen=21.1mm | kidney_L=21.5mm | kidney_R=20.9mm | pancreas=20.9mm | gallbladder=22.0mm | aorta=21.3mm | IVC=22.5mm | L1=20.7mm | L2=21.2mm | L3=21.1mm | spinal_cord=20.8mm
1.2.392.200036.9116.2.5.1.37.2418751871.1574308298.505216,1.2.392.200036.9116.2.5.1.37.2418751871.1574308657.765101,Arterial,BAD,12.0,12.0,12.0,4.0,4.0,1.0,1.0,True,4.1,3.8,34.7,44.1,32.0,,LARGE_CENTROID_DIST: liver=33.7mm | spleen=44.1mm | kidney_L=33.1mm | kidney_R=30.0mm | pancreas=34.5mm | gallbladder=40.6mm | aorta=25.8mm | IVC=34.0mm | L1=26.8mm | L2=27.0mm | L3=27.4mm | spinal_cord=27.1mm
1.2.392.200036.9116.2.5.1.37.2418751871.1574308298.505216,1.2.392.200036.9116.2.5.1.37.2418751871.1574308815.58753,Venous,BAD,12.0,12.0,12.0,4.0,4.0,1.0,1.0,True,-1.4,1.1,39.2,41.2,38.0,,LARGE_CENTROID_DIST: liver=38.1mm | spleen=39.6mm | kidney_L=38.1mm | kidney_R=41.3mm | pancreas=37.6mm | gallbladder=37.3mm | aorta=37.6mm | IVC=35.9mm | L1=37.6mm | L2=38.1mm | L3=37.5mm | spinal_cord=37.9mm
1.2.392.200036.9116.2.5.1.37.2418751871.1574651082.95426,1.2.392.200036.9116.2.5.1.37.2418751871.1574651406.540758,Arterial,BAD,12.0,12.0,12.0,4.0,4.0,1.0,1.0,True,6.6,0.8,68.3,70.5,67.9,,LARGE_XY_RESIDUAL=68.3mm | LARGE_CENTROID_DIST: liver=68.8mm | spleen=70.7mm | kidney_L=68.4mm | kidney_R=66.4mm | pancreas=68.2mm | gallbladder=68.6mm | aorta=66.7mm | IVC=68.0mm | L1=67.1mm | L2=67.0mm | L3=67.6mm | spinal_cord=67.0mm
1.2.392.200036.9116.2.5.1.37.2418751871.1574651082.95426,1.2.392.200036.9116.2.5.1.37.2418751871.1574651550.58008,Venous,BAD,12.0,12.0,12.0,4.0,4.0,1.0,1.0,True,1.4,0.6,24.1,24.7,24.9,,LARGE_CENTROID_DIST: liver=24.5mm | spleen=24.4mm | kidney_L=24.8mm | kidney_R=23.1mm | pancreas=24.0mm | gallbladder=25.0mm | aorta=25.3mm | IVC=25.8mm | L1=26.0mm | L2=25.9mm | L3=25.4mm | spinal_cord=24.9mm
1.2.392.200036.9116.2.5.1.37.2418751871.1574652927.757399,1.2.392.200036.9116.2.5.1.37.2418751871.1574653294.529158,Arterial,BAD,12.0,12.0,12.0,4.0,4.0,1.0,1.0,True,3.9,1.4,16.5,16.9,16.0,,LARGE_CENTROID_DIST: liver=16.9mm | spleen=17.9mm | kidney_L=16.5mm | kidney_R=16.8mm | pancreas=15.2mm | gallbladder=16.3mm | IVC=17.3mm | L1=15.0mm | L2=15.1mm | L3=15.1mm | spinal_cord=15.2mm
1.2.392.200036.9116.2.5.1.37.2418751871.1574652927.757399,1.2.392.200036.9116.2.5.1.37.2418751871.1574653441.636174,Venous,BAD,12.0,12.0,12.0,4.0,4.0,1.0,1.0,True,2.4,1.1,15.8,16.2,16.5,,LARGE_CENTROID_DIST: liver=16.4mm | spleen=16.2mm | kidney_L=15.2mm | kidney_R=16.1mm | pancreas=16.8mm | gallbladder=15.2mm | aorta=19.6mm | IVC=18.3mm | L1=16.1mm | L2=16.2mm | L3=16.1mm | spinal_cord=16.2mm
1.2.392.200036.9116.2.5.1.37.2418751871.1574734831.134817,1.2.392.200036.9116.2.5.1.37.2418751871.1574735190.12206,Arterial,BAD,12.0,12.0,12.0,4.0,4.0,1.0,1.0,True,-3.1,1.9,45.2,46.7,44.6,,LARGE_XY_RESIDUAL=45.2mm | LARGE_CENTROID_DIST: liver=45.5mm | spleen=44.5mm | kidney_L=46.7mm | kidney_R=44.6mm | pancreas=44.0mm | gallbladder=40.5mm | aorta=45.3mm | IVC=46.2mm | L1=44.2mm | L2=44.4mm | L3=44.9mm | spinal_cord=44.3mm
1.2.392.200036.9116.2.5.1.37.2418751871.1574734831.134817,1.2.392.200036.9116.2.5.1.37.2418751871.1574735331.26278,Venous,OK,12.0,12.0,12.0,4.0,4.0,1.0,1.0,True,-1.6,1.5,8.0,9.4,8.9,,
1.2.392.200036.9116.2.5.1.37.2418751871.1574736893.449879,1.2.392.200036.9116.2.5.1.37.2418751871.1574737322.988342,Arterial,BAD,12.0,12.0,12.0,4.0,4.0,1.0,1.0,True,-0.7,2.3,27.3,28.9,28.5,,LARGE_CENTROID_DIST: liver=29.0mm | spleen=26.2mm | kidney_L=27.7mm | kidney_R=26.8mm | pancreas=29.0mm | gallbladder=28.6mm | aorta=28.2mm | IVC=36.0mm | L1=27.6mm | L2=27.7mm | L3=27.4mm | spinal_cord=27.4mm
1.2.392.200036.9116.2.5.1.37.2418751871.1574736893.449879,1.2.392.200036.9116.2.5.1.37.2418751871.1574737469.513228,Venous,BAD,12.0,12.0,12.0,4.0,4.0,1.0,1.0,True,-6.7,2.2,52.5,54.8,52.9,,LARGE_XY_RESIDUAL=52.5mm | LARGE_CENTROID_DIST: liver=50.2mm | spleen=51.5mm | kidney_L=54.3mm | kidney_R=55.7mm | pancreas=57.0mm | gallbladder=52.2mm | aorta=49.4mm | IVC=63.0mm | L1=50.5mm | L2=50.2mm | L3=50.8mm | spinal_cord=50.1mm
1.2.840.113619.2.278.3.717616.166.1580339212.908,1.2.840.113619.2.278.3.717616.166.1580339213.59.5246977,Arterial,BAD,12.0,12.0,12.0,4.0,4.0,1.0,1.0,True,-3.7,1.3,5.9,7.1,8.4,,LARGE_CENTROID_DIST: IVC=28.7mm
1.2.840.113619.2.278.3.717616.166.1580339212.908,1.2.840.113619.2.278.3.717616.166.1580339213.59.5251074,Venous,BAD,12.0,12.0,12.0,4.0,4.0,1.0,1.0,True,-3.0,2.6,7.7,9.4,9.4,,LARGE_CENTROID_DIST: IVC=16.4mm
1.2.840.113619.2.278.3.717616.166.1580339213.591,1.2.840.113619.2.278.3.717616.166.1580339213.696.4202498,Venous,OK,11.0,11.0,11.0,4.0,4.0,1.0,1.0,True,-2.4,0.9,1.4,2.7,2.6,,
1.2.840.113619.2.278.3.717616.166.1580339218.937,1.2.840.113619.2.278.3.717616.166.1580339219.79.4198401,Arterial,OK,12.0,12.0,12.0,4.0,4.0,1.0,1.0,True,-3.1,0.4,3.6,5.2,5.4,,
1.2.840.113619.2.278.3.717616.166.1580339218.937,1.2.840.113619.2.278.3.717616.166.1580339219.79.4202498,Venous,BAD,12.0,12.0,12.0,4.0,4.0,1.0,1.0,True,-9.4,1.9,20.8,21.5,24.3,,LARGE_CENTROID_DIST: liver=22.5mm | spleen=21.2mm | kidney_L=24.4mm | kidney_R=23.3mm | pancreas=22.8mm | gallbladder=24.8mm | aorta=26.8mm | IVC=24.3mm | L1=25.6mm | L2=24.5mm | L3=25.7mm | spinal_cord=26.2mm
1.2.840.113619.2.278.3.717616.166.1580339223.519,1.2.840.113619.2.278.3.717616.166.1580339223.616.4198401,Arterial,OK,12.0,12.0,12.0,4.0,4.0,1.0,1.0,True,0.6,0.5,2.4,2.8,3.1,,
1.2.840.113619.2.278.3.717616.166.1580339223.519,1.2.840.113619.2.278.3.717616.166.1580339223.616.4202498,Venous,OK,12.0,12.0,12.0,4.0,4.0,1.0,1.0,True,1.5,0.6,0.8,1.7,1.9,,
1.2.840.113619.2.278.3.717616.166.1580339223.956,1.2.840.113619.2.278.3.717616.166.1580339224.53.4198401,Arterial,BAD,12.0,12.0,12.0,4.0,4.0,1.0,1.0,True,-2.7,1.8,5.8,8.1,8.2,,LARGE_CENTROID_DIST: IVC=17.8mm
1.2.840.113619.2.278.3.717616.166.1580339223.956,1.2.840.113619.2.278.3.717616.166.1580339224.53.4202498,Venous,BAD,12.0,12.0,12.0,4.0,4.0,1.0,1.0,True,5.2,4.0,4.9,6.7,9.2,,LARGE_CENTROID_DIST: IVC=19.2mm
1.2.840.113619.2.278.3.717616.166.1580339224.657,1.2.840.113619.2.278.3.717616.166.1580339224.754.4198401,Arterial,OK,12.0,12.0,12.0,4.0,4.0,1.0,1.0,True,-1.5,1.0,3.1,3.7,4.1,,
1.2.840.113619.2.278.3.717616.166.1580339224.657,1.2.840.113619.2.278.3.717616.166.1580339224.754.4202498,Venous,OK,12.0,12.0,12.0,4.0,4.0,1.0,1.0,True,-1.1,1.5,2.8,3.1,3.7,,
1.2.840.113619.2.278.3.717616.166.1580339230.481,1.2.840.113619.2.278.3.717616.166.1580339230.573.4198401,Arterial,OK,12.0,12.0,12.0,4.0,4.0,1.0,1.0,True,1.0,0.5,2.6,4.0,2.9,,
1.2.840.113619.2.278.3.717616.166.1580339230.481,1.2.840.113619.2.278.3.717616.166.1580339230.573.4202498,Venous,OK,12.0,12.0,12.0,4.0,4.0,1.0,1.0,True,0.6,0.5,2.2,3.0,2.8,,
1.2.840.113619.2.278.3.717616.202.1592287869.821,1.2.840.113619.2.278.3.717616.202.1592287869.941.4198401,Arterial,OK,12.0,12.0,12.0,4.0,4.0,1.0,1.0,True,-1.3,0.6,2.6,5.1,3.3,,
1.2.840.113619.2.278.3.717616.202.1592287869.821,1.2.840.113619.2.278.3.717616.202.1592287869.941.4202498,Venous,OK,12.0,12.0,12.0,4.0,4.0,1.0,1.0,True,-1.9,0.5,1.8,2.4,3.4,,
1.2.840.113619.2.278.3.717616.202.1592287871.359,1.2.840.113619.2.278.3.717616.202.1592287871.456.4198401,Arterial,OK,12.0,12.0,12.0,4.0,4.0,1.0,1.0,True,-2.6,1.3,2.4,2.9,4.6,,
1.2.840.113619.2.278.3.717616.202.1592287871.359,1.2.840.113619.2.278.3.717616.202.1592287871.456.4202498,Venous,BAD,12.0,12.0,12.0,4.0,4.0,1.0,1.0,True,-1.0,3.0,5.0,10.4,5.8,,LARGE_CENTROID_DIST: IVC=19.9mm
1.2.840.113619.2.278.3.717616.202.1592287875.688,1.2.840.113619.2.278.3.717616.202.1592287875.783.4198401,Arterial,OK,12.0,12.0,12.0,4.0,4.0,1.0,1.0,True,-3.1,0.8,3.3,3.4,4.5,,
1.2.840.113619.2.278.3.717616.202.1592287875.688,1.2.840.113619.2.278.3.717616.202.1592287875.783.4202498,Venous,OK,12.0,12.0,12.0,4.0,4.0,1.0,1.0,True,0.5,1.0,2.2,2.8,3.8,,
1.2.840.113619.2.278.3.717616.202.1592287876.601,1.2.840.113619.2.278.3.717616.202.1592287876.703.4198401,Arterial,OK,12.0,12.0,12.0,4.0,4.0,1.0,1.0,True,-2.0,2.7,4.6,5.3,5.7,,
1.2.840.113619.2.278.3.717616.202.1592287876.601,1.2.840.113619.2.278.3.717616.202.1592287876.703.4202498,Venous,BAD,12.0,12.0,12.0,4.0,4.0,1.0,1.0,True,-5.9,1.8,4.6,6.3,8.2,,LARGE_CENTROID_DIST: IVC=15.8mm
1.2.840.113619.2.278.3.717616.202.1592287879.955,1.2.840.113619.2.278.3.717616.202.1592287880.80.4198401,Arterial,BAD,12.0,12.0,12.0,4.0,4.0,1.0,1.0,True,5.1,1.4,5.6,6.8,9.7,,LARGE_CENTROID_DIST: aorta=35.8mm
1.2.840.113619.2.278.3.717616.202.1592287879.955,1.2.840.113619.2.278.3.717616.202.1592287880.80.4202498,Venous,BAD,12.0,12.0,12.0,4.0,4.0,1.0,1.0,True,6.4,1.6,10.0,11.0,14.1,,LARGE_CENTROID_DIST: aorta=37.6mm | spinal_cord=17.3mm
1.2.840.113619.2.278.3.717616.202.1592287881.707,1.2.840.113619.2.278.3.717616.202.1592287881.832.4198401,Arterial,OK,11.0,11.0,11.0,4.0,4.0,1.0,1.0,True,3.0,1.2,4.6,5.1,6.3,,
1.2.840.113619.2.278.3.717616.202.1592287881.707,1.2.840.113619.2.278.3.717616.202.1592287881.832.4202498,Venous,OK,11.0,11.0,11.0,4.0,4.0,1.0,1.0,True,4.0,2.3,2.6,4.7,5.2,,
1.2.840.113619.2.278.3.717616.204.1584947859.517,1.2.840.113619.2.278.3.717616.204.1584947859.604.4198401,Arterial,OK,12.0,12.0,12.0,4.0,4.0,1.0,1.0,True,1.7,0.2,1.5,2.0,2.6,,
1.2.840.113619.2.278.3.717616.204.1584947859.517,1.2.840.113619.2.278.3.717616.204.1584947859.604.4202498,Venous,OK,12.0,12.0,12.0,4.0,4.0,1.0,1.0,True,2.4,0.5,2.5,3.3,4.1,,
1.2.840.113619.2.278.3.717616.204.1584947875.688,1.2.840.113619.2.278.3.717616.204.1584947875.778.4198401,Arterial,OK,12.0,12.0,12.0,4.0,4.0,1.0,1.0,True,-1.6,0.9,3.4,4.4,4.7,,
1.2.840.113619.2.278.3.717616.204.1584947875.688,1.2.840.113619.2.278.3.717616.204.1584947875.778.4202498,Venous,OK,12.0,12.0,12.0,4.0,4.0,1.0,1.0,True,2.0,0.8,0.9,1.2,2.1,,
1.2.840.113619.2.278.3.717616.204.1584947878.721,1.2.840.113619.2.278.3.717616.204.1584947878.807.4198401,Arterial,BAD,9.0,10.0,9.0,3.0,3.0,1.0,1.0,True,-5.7,3.6,42.1,42.9,43.1,,LARGE_XY_RESIDUAL=42.1mm | LARGE_CENTROID_DIST: liver=42.0mm | kidney_L=43.0mm | kidney_R=43.1mm | pancreas=43.2mm | aorta=44.8mm | IVC=46.1mm | L2=42.9mm | L3=42.7mm | spinal_cord=39.7mm
1.2.840.113619.2.278.3.717616.204.1584947878.721,1.2.840.113619.2.278.3.717616.204.1584947878.807.4202498,Venous,file_missing,,,,,,,,,,,,,,../ncct_cect/vindr_ds/fixed_aligned_rigid_registered/1.2.840.113619.2.278.3.717616.204.1584947878.721/1.2.840.113619.2.278.3.717616.204.1584947878.721_1.2.840.113619.2.278.3.717616.204.1584947878.807.4202498_rigid0_seg_reg.nii.gz,
1.2.840.113619.2.278.3.717616.204.1584947878.721,1.2.840.113619.2.278.3.717616.204.1584947878.967.12,Venous,BAD,9.0,12.0,9.0,3.0,3.0,1.0,1.0,True,-21.8,9.5,85.8,97.1,91.5,,LARGE_XY_RESIDUAL=85.8mm | LARGE_CENTROID_DIST: liver=78.7mm | kidney_L=98.3mm | kidney_R=90.3mm | pancreas=74.4mm | aorta=98.0mm | IVC=101.2mm | L2=101.1mm | L3=94.4mm | spinal_cord=86.7mm
1.2.840.113619.2.278.3.717616.204.1584947881.751,1.2.840.113619.2.278.3.717616.204.1584947881.906.4198401,Arterial,OK,12.0,12.0,12.0,4.0,4.0,1.0,1.0,True,-2.1,0.7,1.8,2.6,2.4,,
1.2.840.113619.2.278.3.717616.204.1584947881.751,1.2.840.113619.2.278.3.717616.204.1584947881.906.4202498,Venous,BAD,12.0,12.0,12.0,4.0,4.0,1.0,1.0,True,-4.1,1.2,15.5,16.9,17.4,,LARGE_CENTROID_DIST: liver=15.3mm | kidney_L=17.2mm | kidney_R=17.1mm | pancreas=17.6mm | gallbladder=18.8mm | aorta=18.6mm | IVC=17.7mm | L1=18.2mm | L2=18.6mm | L3=17.6mm | spinal_cord=17.9mm
1.2.840.113619.2.278.3.717616.204.1584947883.344,1.2.840.113619.2.278.3.717616.204.1584947883.439.4198401,Arterial,OK,12.0,12.0,12.0,4.0,4.0,1.0,1.0,True,-1.6,0.5,2.5,3.3,3.4,,
1.2.840.113619.2.278.3.717616.204.1584947883.344,1.2.840.113619.2.278.3.717616.204.1584947883.439.4202498,Venous,OK,12.0,12.0,12.0,4.0,4.0,1.0,1.0,True,0.4,0.5,1.7,2.1,2.7,,
1.2.840.113619.2.278.3.717616.204.1584947883.344,1.2.840.113619.2.278.3.717616.204.1584947883.792.12,Venous,file_missing,,,,,,,,,,,,,,../ncct_cect/vindr_ds/fixed_aligned_rigid_registered/1.2.840.113619.2.278.3.717616.204.1584947883.344/1.2.840.113619.2.278.3.717616.204.1584947883.344_1.2.840.113619.2.278.3.717616.204.1584947883.792.12_rigid0_seg_reg.nii.gz,
1.2.840.113619.2.278.3.717616.204.1584947888.428,1.2.840.113619.2.278.3.717616.204.1584947888.518.4198401,Arterial,BAD,12.0,12.0,12.0,4.0,4.0,1.0,1.0,True,-4.2,2.2,19.2,21.5,20.2,,LARGE_CENTROID_DIST: liver=21.5mm | spleen=20.0mm | kidney_L=18.7mm | kidney_R=19.2mm | pancreas=19.4mm | gallbladder=17.9mm | aorta=21.8mm | IVC=21.0mm | L1=22.1mm | L2=21.0mm | L3=19.4mm | spinal_cord=20.2mm
1.2.840.113619.2.278.3.717616.204.1584947888.428,1.2.840.113619.2.278.3.717616.204.1584947888.518.4202498,Venous,BAD,12.0,12.0,12.0,4.0,4.0,1.0,1.0,True,-3.3,1.8,17.6,20.0,18.6,,LARGE_CENTROID_DIST: liver=20.1mm | spleen=18.1mm | kidney_L=16.4mm | kidney_R=17.7mm | pancreas=17.6mm | gallbladder=16.7mm | aorta=20.3mm | IVC=20.0mm | L1=20.1mm | L2=19.2mm | L3=17.7mm | spinal_cord=19.0mm
1.2.840.113619.2.278.3.717616.204.1584947890.185,1.2.840.113619.2.278.3.717616.204.1584947890.283.4198401,Arterial,BAD,12.0,12.0,12.0,4.0,4.0,1.0,1.0,True,3.1,0.2,2.0,2.5,4.9,,LARGE_CENTROID_DIST: aorta=16.2mm
1.2.840.113619.2.278.3.717616.204.1584947890.185,1.2.840.113619.2.278.3.717616.204.1584947890.283.4202498,Venous,OK,12.0,12.0,12.0,4.0,4.0,1.0,1.0,True,1.4,0.1,3.1,3.3,4.3,,
1.2.840.113619.2.278.3.717616.215.1582589428.278,1.2.840.113619.2.278.3.717616.215.1582589428.376.4198401,Arterial,OK,12.0,12.0,12.0,4.0,4.0,1.0,1.0,True,-2.3,1.0,2.1,3.1,3.6,,
1.2.840.113619.2.278.3.717616.215.1582589428.278,1.2.840.113619.2.278.3.717616.215.1582589428.376.4202498,Venous,OK,12.0,12.0,12.0,4.0,4.0,1.0,1.0,True,-3.9,2.5,4.5,6.1,7.5,,
1.2.840.113619.2.278.3.717616.228.1585527915.93,1.2.840.113619.2.278.3.717616.228.1585527915.207.4198401,Arterial,OK,12.0,12.0,12.0,4.0,4.0,1.0,1.0,True,-3.0,1.1,3.1,3.7,4.8,,
1.2.840.113619.2.278.3.717616.228.1585527915.93,1.2.840.113619.2.278.3.717616.228.1585527915.207.4202498,Venous,OK,12.0,12.0,12.0,4.0,4.0,1.0,1.0,True,-2.3,0.3,4.6,5.4,5.3,,
1.2.840.113619.2.278.3.717616.228.1585527919.20,1.2.840.113619.2.278.3.717616.228.1585527919.119.4198401,Arterial,OK,12.0,12.0,12.0,4.0,4.0,1.0,1.0,True,-1.2,4.2,10.9,11.5,11.3,,
1.2.840.113619.2.278.3.717616.228.1585527919.20,1.2.840.113619.2.278.3.717616.228.1585527919.119.4202498,Venous,OK,12.0,12.0,12.0,4.0,4.0,1.0,1.0,True,-1.9,3.8,8.6,10.7,9.4,,
1.2.840.113619.2.278.3.717616.228.1585527923.702,1.2.840.113619.2.278.3.717616.228.1585527923.809.4198401,Arterial,OK,11.0,11.0,11.0,4.0,4.0,1.0,1.0,True,3.9,1.1,3.5,4.7,5.8,,
1.2.840.113619.2.278.3.717616.228.1585527923.702,1.2.840.113619.2.278.3.717616.228.1585527923.809.4202498,Venous,BAD,11.0,11.0,11.0,4.0,4.0,1.0,1.0,True,4.9,1.1,6.4,7.5,11.4,,LARGE_CENTROID_DIST: aorta=37.1mm | IVC=16.8mm
1.2.840.113619.2.278.3.717616.228.1585527924.199,1.2.840.113619.2.278.3.717616.228.1585527924.293.4198401,Arterial,OK,12.0,12.0,12.0,4.0,4.0,1.0,1.0,True,1.2,2.9,9.2,12.0,9.2,,
1.2.840.113619.2.278.3.717616.228.1585527924.199,1.2.840.113619.2.278.3.717616.228.1585527924.293.4202498,Venous,OK,12.0,12.0,12.0,4.0,4.0,1.0,1.0,True,4.6,0.9,2.0,2.4,4.9,,
1.2.840.113619.2.278.3.717616.239.1576237085.40,1.2.840.113619.2.278.3.717616.239.1576237085.135.4198401,Arterial,OK,12.0,12.0,12.0,4.0,4.0,1.0,1.0,True,-3.6,0.2,4.0,5.6,5.6,,
1.2.840.113619.2.278.3.717616.239.1576237085.40,1.2.840.113619.2.278.3.717616.239.1576237085.135.4202498,Venous,OK,12.0,12.0,12.0,4.0,4.0,1.0,1.0,True,-1.9,1.4,5.2,7.2,7.8,,
1.2.840.113619.2.278.3.717616.239.1576237164.135,1.2.840.113619.2.278.3.717616.239.1576237164.263.4198401,Arterial,OK,12.0,12.0,12.0,4.0,4.0,1.0,1.0,True,-3.6,0.7,6.5,8.7,8.5,,
1.2.840.113619.2.278.3.717616.239.1576237164.135,1.2.840.113619.2.278.3.717616.239.1576237164.263.4202498,Venous,BAD,12.0,12.0,12.0,4.0,4.0,1.0,1.0,True,-1.5,1.3,10.4,11.8,11.3,,LARGE_CENTROID_DIST: IVC=16.0mm
1.2.840.113619.2.278.3.717616.239.1576237169.526,1.2.840.113619.2.278.3.717616.239.1576237169.637.4198401,Arterial,BAD,12.0,12.0,12.0,4.0,4.0,1.0,1.0,True,-0.6,1.4,3.1,4.3,5.3,,LARGE_CENTROID_DIST: aorta=18.9mm
1.2.840.113619.2.278.3.717616.239.1576237169.526,1.2.840.113619.2.278.3.717616.239.1576237169.637.4202498,Venous,BAD,12.0,12.0,12.0,4.0,4.0,1.0,1.0,True,-2.4,0.8,5.5,6.9,7.6,,LARGE_CENTROID_DIST: aorta=24.2mm
1.2.840.113619.2.278.3.717616.239.1576237177.531,1.2.840.113619.2.278.3.717616.239.1576237177.616.4198401,Arterial,BAD,12.0,12.0,12.0,4.0,4.0,1.0,1.0,True,-7.3,1.7,26.2,28.4,27.7,,LARGE_CENTROID_DIST: liver=28.8mm | spleen=27.7mm | kidney_L=25.8mm | kidney_R=26.7mm | pancreas=22.7mm | gallbladder=27.7mm | aorta=31.1mm | IVC=28.0mm | L1=30.4mm | L2=28.7mm | L3=27.4mm | spinal_cord=27.4mm
1.2.840.113619.2.278.3.717616.239.1576237177.531,1.2.840.113619.2.278.3.717616.239.1576237177.616.4202498,Venous,BAD,12.0,12.0,12.0,4.0,4.0,1.0,1.0,True,-7.4,1.6,24.3,26.1,25.6,,LARGE_CENTROID_DIST: liver=26.5mm | spleen=25.5mm | kidney_L=24.1mm | kidney_R=25.5mm | pancreas=19.5mm | gallbladder=24.8mm | aorta=29.3mm | IVC=26.2mm | L1=28.5mm | L2=26.8mm | L3=25.6mm | spinal_cord=25.3mm
1.2.840.113619.2.278.3.717616.239.1576237179.120,1.2.840.113619.2.278.3.717616.239.1576237179.227.4198401,Arterial,BAD,11.0,11.0,11.0,4.0,4.0,1.0,1.0,True,-0.2,1.1,12.8,13.7,13.8,,LARGE_CENTROID_DIST: L1=15.2mm
1.2.840.113619.2.278.3.717616.239.1576237179.120,1.2.840.113619.2.278.3.717616.239.1576237179.227.4202498,Venous,OK,11.0,11.0,11.0,4.0,4.0,1.0,1.0,True,-1.0,3.0,9.8,11.8,10.5,,
1.2.840.113619.2.278.3.717616.249.1585713639.107,1.2.840.113619.2.278.3.717616.249.1585713639.236.4198401,Arterial,OK,12.0,12.0,12.0,4.0,4.0,1.0,1.0,True,-0.1,1.0,7.2,10.0,7.8,,
1.2.840.113619.2.278.3.717616.249.1585713639.107,1.2.840.113619.2.278.3.717616.249.1585713639.236.4202498,Venous,OK,12.0,12.0,12.0,4.0,4.0,1.0,1.0,True,-0.3,1.5,6.3,7.2,5.7,,
